lat,lon
-9.9,76.1
-9.9,75.9
-10.0,75.7
-10.1,75.5
-10.4,75.2
-10.9,74.9
-11.5,74.6
-11.9,74.2
-12.1,73.8
-12.3,73.4
-12.4,73.0
-12.6,72.7
-12.7,72.4
-12.7,71.9
-12.8,71.3
-13.0,70.7
-13.2,70.0
-13.4,69.4
-13.7,68.8
-13.9,68.3
-14.2,67.9
-14.5,67.5
-14.9,67.2
-15.3,67.0
-15.7,66.9
-16.2,67.0
-16.7,67.0
-16.9,66.8
-16.9,66.6
-16.7,66.5
-16.5,66.4
-16.4,66.3
-16.4,66.1
-10.3,76.0
-11.2,75.9
-11.6,75.9
-11.3,76.0
-11.0,76.0
-11.3,75.7
-11.8,75.4
-12.0,75.1
-12.2,74.9
-12.5,74.7
-12.8,74.4
-13.1,74.0
-13.4,73.6
-13.7,73.3
-14.0,73.0
-14.4,72.7
-14.7,72.4
-15.0,72.0
-15.2,71.7
-15.4,71.4
-15.6,71.2
-15.8,70.9
-16.0,70.7
-16.2,70.5
-16.4,70.3
-16.6,70.1
-16.8,69.9
-17.0,69.7
-17.1,69.6
-17.3,69.5
-17.4,69.3
-17.5,69.2
-17.5,69.0
-17.5,68.8
-17.6,68.5
-17.6,68.1
-17.7,67.7
-17.8,67.3
-18.0,67.0
-18.1,66.9
-18.1,66.6
-18.1,65.9
-18.2,65.1
-18.3,64.8
-18.5,64.5
-18.8,63.6
-19.1,62.5
-19.2,61.8
-19.3,61.1
-19.4,60.4
-19.6,59.7
-19.9,59.1
-20.2,58.6
-20.6,58.0
-21.1,57.4
-21.5,57.0
-21.8,56.6
-22.0,56.3
-22.1,56.0
-22.1,55.5
-22.1,55.0
-22.0,54.7
-22.0,54.4
-22.3,53.8
-22.6,53.4
-22.8,53.4
-22.9,53.5
-23.0,53.3
-23.0,53.0
-23.0,52.5
-23.0,51.9
-8.9,95.5
-9.0,95.8
-9.0,96.0
-9.0,95.9
-8.9,95.7
-8.9,95.7
-8.9,95.8
-9.0,95.9
-9.0,96.0
-8.9,95.8
-8.7,95.5
-8.7,95.4
-8.7,95.3
-8.7,95.2
-8.8,95.1
-8.8,95.0
-8.8,94.9
-8.8,94.7
-8.8,94.5
-8.8,94.7
-8.8,94.8
-8.9,94.5
-8.9,94.1
-8.8,93.9
-8.8,93.7
-9.1,93.6
-9.6,93.4
-10.0,93.2
-10.4,93.0
-10.8,92.9
-11.2,92.7
-11.6,92.4
-12.1,92.0
-12.6,91.6
-12.9,91.3
-13.2,91.0
-13.6,90.8
-14.1,90.6
-14.6,90.4
-15.0,90.5
-15.4,90.7
-15.8,90.9
-16.3,91.2
-16.6,91.5
-16.8,92.0
-17.0,92.3
-17.2,92.7
-17.5,93.2
-17.8,93.6
-18.2,94.0
-18.5,94.3
-18.6,94.5
-18.5,94.6
-18.5,94.6
-18.5,94.4
-18.5,94.4
-18.6,94.5
-18.7,94.4
-18.7,94.3
-18.7,94.2
-18.7,94.1
-18.6,93.9
-18.6,93.8
-18.6,93.8
-18.7,93.6
-18.8,93.2
-18.8,92.7
-11.0,62.4
-11.1,62.2
-11.0,61.8
-10.8,61.3
-10.6,60.8
-10.6,60.5
-10.7,60.2
-10.7,59.9
-10.6,59.6
-10.5,59.4
-10.5,59.1
-10.5,58.8
-10.5,58.4
-10.5,58.0
-10.5,57.5
-10.4,57.1
-10.4,56.7
-10.5,56.2
-10.6,55.6
-10.6,55.0
-10.6,54.5
-10.7,54.0
-10.9,53.5
-10.9,52.9
-10.9,52.2
-11.0,51.6
-11.1,51.0
-11.1,50.4
-11.1,49.9
-11.3,49.4
-11.6,48.8
-11.8,48.2
-11.9,47.6
-12.0,47.2
-12.1,46.7
-12.3,46.1
-12.6,45.4
-12.9,44.8
-13.1,44.1
-13.2,43.5
-13.2,42.8
-13.3,42.1
-13.3,41.4
-13.3,40.8
-13.3,40.2
-13.5,39.5
-13.9,38.7
-12.5,96.7
-12.4,96.5
-12.3,96.2
-12.1,95.7
-11.8,95.2
-11.3,94.8
-10.8,94.6
-10.7,94.5
-10.8,94.5
-10.9,94.6
-11.0,94.7
-11.3,94.7
-11.5,94.7
-11.6,94.5
-11.6,94.3
-11.7,94.0
-11.8,93.8
-11.9,93.9
-12.0,94.1
-12.0,94.3
-11.9,94.5
-11.8,94.6
-11.7,94.7
-11.6,94.7
-11.6,95.0
-11.7,95.4
-11.8,95.8
-12.1,96.1
-12.5,96.4
-12.8,96.6
-13.2,96.7
-13.6,96.7
-13.9,96.6
-14.1,96.3
-14.3,96.0
-14.5,96.1
-14.7,96.3
-14.8,96.4
-14.8,96.5
-15.1,96.6
-15.4,96.6
-15.6,96.3
-15.7,96.0
-15.9,96.1
-16.0,96.4
-16.2,96.4
-16.3,96.3
-16.6,95.7
-16.8,94.9
-17.0,94.0
-17.1,93.2
-17.2,92.7
-17.3,92.3
-17.3,91.7
-17.3,91.1
-17.4,90.5
-17.6,90.0
-17.3,176.9
-17.4,177.3
-17.4,177.9
-17.4,178.9
-17.4,179.8
-17.4,180.4
-17.4,180.8
-17.2,181.2
-16.9,181.6
-13.0,106.5
-13.6,106.0
-13.8,105.0
-13.9,104.7
-13.9,104.7
-13.8,104.6
-13.7,104.5
-13.6,104.3
-13.7,104.0
-13.9,103.8
-14.2,103.6
-14.6,103.6
-15.0,103.6
-15.5,103.6
-16.1,103.6
-16.6,103.4
-16.9,103.2
-17.2,103.2
-17.3,103.3
-17.4,103.4
-17.4,103.5
-17.5,103.4
-17.6,103.3
-17.8,103.1
-18.0,102.9
-18.4,102.7
-18.7,102.6
-18.8,102.4
-18.8,102.3
-18.8,102.2
-18.9,102.2
-18.9,102.2
-18.9,102.1
-18.9,101.9
-18.8,101.6
-18.7,101.3
-18.5,101.1
-18.3,101.0
-18.0,101.0
-17.8,101.0
-17.7,100.9
-17.5,100.8
-17.3,100.5
-17.1,100.1
-16.9,99.6
-13.6,60.1
-13.6,59.4
-13.6,58.6
-13.5,57.8
-13.5,57.1
-13.5,56.3
-13.5,55.6
-13.4,54.9
-13.3,54.2
-13.2,53.2
-13.1,52.3
-12.9,51.9
-12.7,51.6
-12.6,51.1
-12.7,50.4
-12.8,49.7
-12.9,49.0
-13.0,48.4
-13.2,47.7
-13.4,47.0
-13.6,46.2
-13.9,45.5
-14.1,44.8
-14.3,44.3
-14.4,43.9
-14.4,43.4
-14.5,42.7
-14.6,41.8
-14.8,41.1
-15.0,40.8
-15.2,40.6
-15.3,40.4
-15.5,40.2
-15.8,40.0
-16.1,39.9
-16.3,39.8
-16.6,39.7
-17.0,39.6
-17.6,39.5
-18.1,39.6
-18.7,39.7
-19.2,39.8
-19.9,40.1
-20.8,40.6
-21.7,41.1
-22.6,41.4
-23.6,41.7
-24.7,42.0
-25.7,42.3
-26.7,42.7
-27.5,43.3
-28.2,43.9
-28.9,44.7
-29.8,45.8
-30.6,47.0
-31.2,47.9
-31.8,48.9
-32.4,50.2
-32.9,51.6
-33.3,53.2
-33.7,54.8
-33.9,56.4
-34.2,58.0
-34.6,59.9
-35.0,61.9
-19.9,-167.6
-20.7,-165.9
-21.4,-164.2
-21.8,-162.7
-21.9,-161.5
-21.9,-161.0
-21.9,-160.6
-21.9,-159.7
-21.9,-158.8
-22.1,-158.1
-22.4,-157.5
-22.5,-156.9
-22.6,-156.4
-17.7,122.2
-17.9,122.0
-18.2,121.7
-18.6,121.2
-18.9,120.7
-19.0,120.4
-19.1,120.2
-19.3,119.8
-19.4,119.2
-19.4,118.5
-19.3,118.0
-19.1,117.8
-18.9,117.7
-19.0,117.5
-19.2,117.3
-19.3,116.7
-19.5,116.1
-19.5,115.7
-19.6,115.3
-19.9,114.9
-20.2,114.4
-20.3,113.9
-20.5,113.3
-20.7,112.8
-21.0,112.3
-21.3,112.0
-21.6,111.7
-22.1,111.2
-22.6,110.8
-22.9,110.3
-23.3,109.9
-23.6,109.5
-24.1,109.2
-24.5,108.8
-25.0,108.4
-25.6,107.9
-26.2,107.6
-26.5,107.5
-26.7,107.5
-27.0,107.2
-27.3,107.0
-27.6,107.0
-27.9,107.0
-28.1,107.1
-28.2,107.2
-28.3,107.4
-28.4,107.5
-28.8,107.6
-29.3,107.8
-29.8,108.0
-30.2,108.2
-11.7,76.2
-11.9,76.5
-12.0,76.7
-12.2,76.6
-12.5,76.3
-13.2,75.9
-14.0,75.4
-14.4,75.2
-14.6,75.0
-14.9,74.8
-15.3,74.4
-15.7,73.7
-16.0,72.7
-16.0,71.6
-16.0,70.6
-16.3,70.2
-16.6,69.9
-16.6,69.4
-16.5,68.7
-16.3,68.0
-16.1,67.3
-15.8,66.9
-15.7,66.5
-16.3,66.1
-16.9,65.6
-17.0,64.6
-16.9,63.5
-17.0,62.8
-17.1,62.3
-17.0,62.0
-17.0,61.8
-17.3,61.3
-17.6,60.8
-17.9,60.2
-18.1,59.7
-18.3,59.3
-18.5,58.8
-18.9,57.9
-19.3,57.0
-19.4,56.5
-19.3,55.8
-18.8,54.5
-18.3,53.1
-18.2,51.9
-18.3,51.2
-18.1,51.2
-18.0,51.3
-17.9,50.8
-18.1,50.5
-18.7,50.9
-19.2,51.3
-18.9,50.7
-18.4,49.9
-18.2,49.4
-18.4,49.2
-19.0,49.8
-19.6,50.4
-19.9,50.1
-20.1,49.5
-20.2,49.1
-20.4,48.7
-21.1,48.5
-22.0,48.3
-24.9,42.5
-25.4,42.8
-25.8,43.2
-25.9,43.6
-26.0,43.9
-26.3,44.0
-26.8,44.2
-27.4,44.9
-28.1,45.7
-28.8,46.3
-29.5,46.8
-30.1,47.1
-30.6,47.4
-31.2,47.9
-31.7,48.5
-32.2,48.8
-32.7,49.4
-33.4,50.5
-34.1,51.9
-14.5,106.3
-14.4,106.1
-14.4,105.9
-14.4,105.8
-14.5,105.6
-14.6,105.4
-14.7,105.1
-14.9,104.6
-15.0,104.1
-15.1,103.6
-15.1,103.1
-15.2,102.8
-15.3,102.4
-15.3,101.8
-15.4,101.2
-15.5,100.7
-15.6,100.2
-15.6,99.6
-15.6,98.9
-15.5,98.3
-15.5,97.8
-15.5,97.5
-15.6,97.2
-15.8,96.7
-16.0,96.2
-16.3,95.6
-16.5,94.9
-16.7,94.2
-16.8,93.5
-16.9,92.8
-17.0,92.1
-17.2,91.4
-17.3,90.9
-17.6,90.4
-17.8,90.1
-18.0,89.7
-18.1,89.2
-18.1,88.6
-18.2,88.0
-18.4,87.5
-18.7,86.9
-18.9,86.3
-19.0,85.7
-18.9,85.2
-18.8,84.7
-18.8,84.3
-18.8,83.9
-18.9,83.6
-19.1,83.3
-19.2,82.9
-19.3,82.5
-19.4,82.1
-19.5,81.7
-19.6,81.2
-19.7,80.7
-19.8,80.2
-19.8,79.6
-19.8,79.0
-19.8,78.3
-19.9,77.7
-20.0,77.1
-20.0,76.5
-20.1,75.9
-20.3,75.3
-20.4,74.7
-20.4,74.0
-20.4,73.4
-20.4,72.9
-20.5,72.5
-20.5,72.0
-20.5,71.5
-20.5,71.1
-20.6,70.8
-20.6,70.4
-20.6,70.0
-20.8,69.8
-21.0,69.7
-21.3,69.5
-21.6,69.3
-22.0,69.1
-22.4,68.9
-22.7,68.6
-23.0,68.3
-23.5,68.3
-24.0,68.4
-24.4,68.4
-24.9,68.5
-25.6,68.8
-26.2,69.1
-26.6,69.2
-26.9,69.2
-27.4,69.5
-27.9,69.8
-28.4,70.0
-29.0,70.2
-29.5,70.3
-30.0,70.3
-13.5,120.0
-13.5,119.9
-13.5,119.8
-13.5,119.7
-13.6,119.6
-13.6,119.4
-13.7,119.1
-13.8,119.0
-13.9,118.8
-14.0,118.5
-14.1,118.1
-14.2,117.5
-14.4,116.9
-14.5,116.5
-14.4,116.2
-14.3,116.2
-14.2,116.3
-14.6,116.0
-15.1,115.5
-15.2,115.2
-15.2,115.0
-15.2,114.6
-15.1,114.3
-15.1,114.0
-15.2,113.7
-15.2,113.3
-15.3,112.9
-15.3,112.6
-15.4,112.2
-15.4,111.6
-15.5,111.0
-15.5,110.7
-15.6,110.5
-15.7,110.0
-15.9,109.5
-15.8,108.9
-15.7,108.3
-15.4,107.8
-15.1,107.4
-14.9,107.0
-14.8,106.6
-14.7,106.2
-14.7,105.8
-14.8,105.5
-14.9,105.1
-14.9,104.4
-14.8,103.6
-14.9,103.2
-14.9,102.7
-14.7,102.2
-14.6,101.6
-14.5,101.1
-14.6,100.7
-15.1,100.2
-15.7,99.7
-16.0,99.0
-16.0,98.3
-15.9,97.7
-15.8,97.1
-15.7,96.6
-15.7,96.3
-15.7,96.0
-15.8,95.8
-15.8,95.5
-15.7,95.2
-15.7,94.9
-15.6,94.8
-15.5,94.6
-15.4,94.4
-15.2,94.1
-15.1,93.8
-15.0,93.6
-14.9,93.5
-14.9,93.4
-14.8,93.3
-14.8,93.3
-14.7,93.2
-14.4,93.1
-14.1,93.0
-14.2,93.0
-14.3,92.9
-14.3,92.7
-14.2,92.5
-14.4,92.3
-14.6,92.3
-14.6,92.2
-14.7,92.1
-15.0,91.9
-15.3,91.8
-15.5,91.7
-15.7,91.6
-16.1,91.4
-16.5,91.1
-17.1,90.9
-17.7,90.6
-18.3,90.4
-18.9,90.2
-19.6,90.0
-20.2,89.6
-20.8,89.1
-21.3,88.5
-21.7,87.8
-22.0,87.2
-22.3,86.9
-22.6,86.6
-22.9,86.1
-23.1,85.6
-23.2,85.3
-23.3,85.1
-23.6,84.8
-23.9,84.5
-24.0,84.3
-24.1,84.1
-24.3,83.9
-24.5,83.8
-24.6,83.7
-24.8,83.6
-25.0,83.6
-25.2,83.5
-25.3,83.3
-25.4,83.1
-25.5,82.8
-25.7,82.6
-25.8,82.5
-26.1,82.3
-26.7,81.7
-27.3,81.0
-27.9,80.5
-28.4,80.1
-28.7,79.6
-28.9,79.1
-29.0,78.6
-29.1,78.2
-29.3,77.9
-29.4,77.8
-29.4,77.7
-29.5,77.6
-29.7,77.3
-30.0,77.0
-30.3,76.9
-30.5,76.8
-30.7,76.6
-30.9,76.3
-31.0,76.1
-31.0,76.0
-31.1,75.9
-31.1,75.9
-31.1,75.8
-31.1,75.8
-31.0,75.9
-30.9,75.8
-30.7,75.4
-30.4,74.9
-19.4,165.9
-19.3,166.8
-19.5,167.5
-20.1,167.8
-20.7,167.8
-20.9,167.9
-21.0,168.0
-21.0,168.0
-21.0,168.0
-21.0,168.0
-21.1,168.2
-21.3,168.7
-21.4,169.3
-21.4,169.8
-21.4,170.5
-21.5,171.5
-21.5,172.4
-21.5,173.0
-21.5,173.4
-21.4,173.8
-21.3,174.1
-14.1,125.4
-14.1,125.2
-14.1,125.0
-14.1,124.8
-14.1,124.5
-14.3,124.2
-14.5,123.9
-14.5,123.6
-14.5,123.5
-14.5,123.6
-14.6,123.8
-14.8,123.7
-14.9,123.4
-14.8,123.1
-14.7,122.8
-14.5,122.3
-14.5,121.8
-14.8,121.7
-15.1,121.7
-15.1,121.4
-15.0,121.1
-15.2,120.8
-15.6,120.5
-16.0,120.3
-16.3,120.1
-16.5,119.8
-16.8,119.7
-17.2,119.5
-17.7,119.3
-18.2,119.1
-18.5,118.9
-18.8,118.9
-18.9,118.8
-19.0,118.8
-19.0,118.7
-19.0,118.7
-19.1,118.6
-19.1,118.5
-19.2,118.3
-19.1,118.2
-19.1,118.2
-19.1,118.2
-19.1,118.2
-19.2,118.2
-19.3,118.2
-19.3,118.2
-19.3,118.3
-19.3,118.5
-19.5,118.7
-19.8,118.9
-19.9,119.0
-20.2,119.1
-20.6,119.3
-21.0,119.6
-21.3,119.6
-21.4,119.6
-22.3,163.5
-22.7,164.1
-23.0,164.7
-23.2,165.2
-23.4,165.7
-23.5,166.1
-23.6,166.6
-23.7,167.2
-23.7,167.8
-23.6,167.9
-23.5,168.1
-23.3,168.9
-23.0,169.7
-22.8,170.0
-22.6,170.0
-12.1,125.3
-12.3,124.9
-12.4,124.4
-12.5,123.9
-12.5,123.3
-12.6,122.7
-12.7,122.2
-12.9,121.8
-13.1,121.3
-13.5,120.6
-13.8,120.0
-13.9,119.6
-13.9,119.2
-13.9,118.7
-14.0,118.2
-14.3,117.8
-14.7,117.3
-14.9,116.7
-15.0,116.2
-15.1,115.8
-15.1,115.3
-15.1,114.6
-15.1,113.9
-15.0,113.2
-15.0,112.5
-15.1,112.1
-15.2,111.7
-15.3,111.2
-15.3,110.6
-15.3,110.1
-15.4,109.6
-15.7,109.0
-16.0,108.3
-16.3,107.8
-16.6,107.3
-16.9,106.7
-17.2,106.0
-17.5,105.5
-17.8,105.0
-18.0,104.8
-18.3,104.6
-18.7,104.1
-19.0,103.6
-19.3,103.3
-19.5,103.2
-19.8,103.0
-20.2,102.9
-20.6,102.7
-21.1,102.5
-21.5,102.3
-22.0,102.2
-22.4,102.1
-22.8,102.2
-23.4,102.1
-23.9,102.1
-24.3,102.2
-24.7,102.4
-25.1,102.5
-25.6,102.8
-26.0,103.2
-26.3,103.7
-26.5,104.1
-26.6,104.3
-26.6,104.3
-26.5,103.9
-26.2,103.2
-25.8,102.5
-25.4,102.1
-25.0,101.8
-13.7,148.4
-14.0,148.5
-14.3,148.6
-14.5,148.8
-14.7,149.1
-14.9,149.3
-15.0,149.4
-15.1,149.5
-15.2,149.7
-15.2,149.9
-15.2,150.0
-15.0,150.2
-14.7,150.4
-14.4,150.8
-14.1,151.3
-14.0,151.5
-14.0,151.8
-14.2,152.2
-14.5,152.6
-14.5,152.8
-14.5,153.0
-14.3,153.3
-14.1,153.6
-14.0,153.8
-13.9,154.0
-13.8,154.1
-13.6,154.2
-13.7,154.3
-13.8,154.5
-14.1,154.6
-14.3,154.6
-14.3,154.6
-14.4,154.5
-14.4,154.4
-14.4,154.3
-14.3,154.7
-14.3,155.0
-14.4,155.1
-14.6,155.0
-14.7,155.0
-14.9,155.1
-15.1,155.2
-15.3,155.2
-15.3,155.3
-15.5,155.4
-15.8,155.4
-16.2,155.3
-16.5,155.4
-16.7,155.4
-17.1,155.4
-17.5,155.4
-17.7,155.5
-17.9,155.7
-18.1,155.7
-18.4,155.6
-18.8,155.5
-19.1,155.5
-19.6,155.7
-20.0,155.8
-20.2,155.8
-20.4,155.7
-20.6,155.6
-20.9,155.6
-21.3,155.6
-21.6,155.5
-21.9,155.5
-22.1,155.5
-22.4,155.5
-22.5,155.4
-22.6,155.4
-22.7,155.4
-23.0,155.4
-23.4,155.5
-23.7,155.6
-24.0,155.8
-24.2,156.0
-24.4,156.2
-24.7,156.4
-25.0,156.7
-25.4,156.9
-25.8,157.2
-26.1,157.5
-26.3,157.8
-26.5,158.1
-26.7,158.2
-26.9,158.4
-27.0,158.5
-27.1,158.9
-27.3,159.1
-27.7,159.2
-28.1,159.0
-28.0,158.8
-27.8,158.5
-28.0,158.0
-28.1,157.5
-27.9,156.9
-27.6,156.4
-27.3,156.3
-27.2,156.4
-27.2,156.6
-27.3,156.7
-27.4,156.6
-27.5,156.3
-27.4,156.0
-27.3,155.7
-27.3,155.5
-27.3,155.3
-27.3,155.3
-27.3,155.3
-27.2,155.2
-27.2,155.0
-27.4,154.8
-27.6,154.5
-27.7,154.3
-27.7,154.1
-27.6,153.9
-27.5,153.7
-27.4,153.4
-27.2,153.3
-27.1,153.3
-27.0,153.3
-27.0,153.3
-27.0,153.3
-27.0,153.2
-27.0,153.2
-27.0,153.1
-27.0,153.0
-26.8,152.4
-26.6,151.9
-13.5,-177.7
-14.0,-177.5
-14.4,-177.6
-14.6,-178.0
-14.7,-178.5
-15.0,-178.7
-15.3,-178.8
-15.6,-179.0
-15.9,-179.1
-16.2,-179.0
-16.6,-179.0
-17.2,-179.2
-17.9,-179.4
-18.5,-179.4
-19.1,-179.3
-19.7,-179.2
-20.3,-179.0
-20.9,-178.7
-21.5,-178.4
-22.2,-177.9
-22.8,-177.7
-23.2,-178.1
-23.6,-178.5
-24.0,-178.3
-24.5,-177.7
-16.4,170.7
-16.6,170.8
-16.8,170.9
-16.9,170.9
-17.0,170.9
-17.4,171.0
-17.8,171.2
-17.9,171.3
-18.1,171.3
-18.8,170.7
-19.6,170.3
-19.9,170.8
-20.0,171.3
-20.4,171.0
-20.8,170.6
-21.2,170.9
-21.5,171.2
-21.7,171.1
-21.9,171.0
-22.0,171.0
-22.1,171.1
-22.5,171.5
-22.9,172.0
-23.1,172.2
-23.1,172.3
-23.1,172.4
-23.0,172.5
-18.3,51.9
-18.1,52.2
-18.0,52.5
-17.9,52.7
-17.8,52.9
-17.7,53.2
-17.6,53.5
-17.6,53.8
-17.6,54.1
-17.6,54.3
-17.7,54.4
-17.8,54.7
-17.9,55.0
-18.0,55.2
-18.2,55.3
-18.5,55.4
-18.8,55.4
-18.9,55.4
-19.0,55.3
-19.3,55.3
-19.7,55.3
-20.3,55.4
-21.0,55.5
-21.7,55.3
-22.5,55.1
-23.3,55.0
-24.1,54.9
-25.0,54.9
-25.9,54.9
-26.9,54.9
-27.8,54.9
-28.7,54.8
-29.5,54.8
-30.2,55.0
-31.0,55.5
-31.9,56.0
-32.7,56.8
-33.2,57.8
-33.5,59.0
-33.8,60.1
-34.1,61.1
-22.7,38.1
-22.8,38.4
-22.9,38.6
-23.1,38.7
-23.4,38.8
-23.6,39.0
-23.7,39.2
-23.9,39.4
-24.0,39.6
-24.1,39.9
-24.2,40.4
-24.6,41.0
-24.9,41.5
-25.0,41.8
-25.1,41.9
-25.2,42.0
-25.3,42.2
-25.4,42.6
-25.6,43.0
-25.8,43.4
-26.0,43.8
-26.2,44.2
-26.4,44.6
-26.5,44.8
-26.7,45.0
-26.9,45.4
-27.1,45.7
-27.0,45.5
-26.8,45.2
-26.9,45.3
-27.0,45.5
-27.0,45.7
-27.0,45.8
-27.0,45.8
-27.0,45.8
-27.0,45.9
-27.1,46.0
-27.1,46.2
-27.1,46.3
-27.2,46.3
-27.2,46.3
-27.1,46.4
-27.1,46.5
-27.1,46.6
-27.3,46.8
-27.5,47.0
-27.8,47.3
-28.0,47.7
-28.2,48.0
-28.4,48.0
-28.6,48.0
-28.7,48.1
-29.0,48.4
-29.4,48.5
-29.9,48.7
-30.4,48.8
-30.9,49.0
-31.4,49.0
-31.8,49.0
-32.1,49.0
-32.4,49.0
-33.1,49.2
-33.8,49.6
-34.3,50.1
-34.9,50.7
-35.6,51.1
-36.5,51.5
-37.3,51.9
-38.1,52.4
-38.9,53.1
-39.5,53.8
-11.9,84.7
-11.9,84.7
-12.1,84.6
-12.6,84.3
-13.1,83.9
-13.3,83.6
-13.6,83.5
-14.4,83.8
-15.2,84.1
-15.6,84.1
-16.0,83.9
-16.7,83.5
-17.4,83.1
-17.7,82.9
-17.9,82.7
-18.5,82.5
-19.2,82.2
-19.7,81.9
-20.0,81.6
-20.2,81.3
-20.2,81.0
-20.2,80.5
-20.2,79.9
-20.3,79.5
-20.3,79.1
-20.2,78.6
-20.1,78.1
-19.9,77.6
-19.8,77.0
-19.7,76.3
-19.7,75.5
-19.6,74.9
-19.5,74.3
-19.5,73.7
-19.7,72.9
-19.9,71.9
-20.2,71.0
-20.7,70.5
-21.3,70.0
-21.6,69.2
-21.8,68.4
-22.3,68.1
-22.9,67.9
-23.4,67.3
-23.8,66.7
-24.1,66.2
-24.3,65.9
-24.4,65.6
-24.5,65.4
-24.6,65.5
-24.7,65.7
-14.5,45.6
-14.7,45.1
-14.8,44.6
-14.8,44.1
-14.8,43.5
-15.1,42.8
-15.3,42.2
-15.1,41.6
-14.9,41.2
-14.9,40.9
-14.9,40.7
-15.1,40.3
-15.2,39.9
-15.1,39.5
-14.9,39.1
-14.9,38.7
-14.9,38.2
-15.1,37.8
-15.3,37.3
-15.6,36.9
-15.9,36.5
-16.2,36.1
-16.5,35.8
-16.7,35.5
-17.0,35.3
-17.2,35.2
-17.4,35.1
-17.4,35.1
-17.5,35.2
-17.7,35.3
-17.9,35.5
-18.1,35.7
-18.3,35.8
-18.6,35.9
-18.9,36.1
-19.3,36.6
-19.7,37.2
-19.8,37.8
-20.0,38.4
-20.5,39.0
-21.1,39.5
-21.8,40.1
-22.5,40.7
-22.8,41.2
-23.0,41.6
-23.3,41.9
-23.7,42.2
-24.2,42.7
-24.6,43.3
-24.8,43.7
-24.9,44.0
-25.0,44.2
-25.0,44.6
-25.1,45.3
-25.2,46.1
-25.3,46.5
-25.4,47.3
-25.6,49.2
-25.8,51.3
-26.0,52.5
-26.4,53.4
-27.0,54.6
-27.7,55.9
-12.7,106.8
-12.9,106.0
-12.9,104.9
-12.8,103.4
-12.6,102.0
-12.6,101.2
-12.8,100.7
-13.0,100.0
-13.2,99.2
-13.4,98.2
-13.4,97.3
-13.2,96.9
-13.0,96.8
-12.8,96.6
-12.8,96.5
-13.0,96.5
-13.2,96.4
-13.3,96.1
-13.4,95.7
-13.5,95.5
-13.4,95.3
-13.2,95.1
-13.0,94.9
-13.0,94.7
-13.0,94.7
-13.1,94.9
-13.2,95.2
-13.4,95.7
-13.7,96.2
-14.1,96.3
-14.4,96.3
-14.7,96.4
-14.9,96.4
-15.0,96.5
-15.1,96.6
-15.2,97.1
-15.3,97.5
-15.3,97.7
-15.4,97.9
-15.4,98.1
-15.4,98.3
-15.4,98.3
-15.3,98.3
-15.3,98.4
-15.2,98.5
-14.9,98.4
-14.6,98.3
-14.5,98.2
-14.4,98.1
-14.1,98.1
-13.8,98.1
-13.4,98.0
-13.1,98.1
-12.9,98.1
-12.9,98.4
-12.8,99.0
-12.9,99.7
-13.0,100.1
-13.2,100.3
-13.2,100.5
-13.2,100.8
-13.0,101.3
-12.9,101.8
-13.1,102.1
-13.4,102.4
-13.6,102.7
-13.7,103.0
-12.6,116.0
-12.7,115.9
-12.8,115.8
-12.9,115.6
-13.0,115.3
-13.2,115.0
-13.5,114.7
-13.9,114.5
-14.2,114.2
-14.4,113.9
-14.6,113.6
-15.0,113.3
-15.4,113.0
-15.6,112.6
-15.8,112.1
-16.1,111.7
-16.4,111.2
-16.5,110.8
-16.6,110.5
-16.6,110.3
-16.7,110.0
-16.7,109.6
-16.8,109.1
-16.9,108.7
-17.0,108.2
-17.2,107.6
-17.3,106.9
-17.5,106.1
-17.7,105.4
-17.9,104.7
-17.9,104.1
-17.8,103.6
-17.6,103.1
-17.5,102.7
-17.3,102.2
-17.1,101.6
-17.0,101.1
-16.8,100.5
-16.8,100.0
-16.8,99.6
-16.8,99.1
-16.7,98.6
-16.7,98.1
-16.7,97.7
-16.7,97.2
-16.7,96.4
-16.8,95.6
-17.0,95.1
-17.2,94.6
-17.3,93.8
-17.4,93.0
-17.5,92.4
-17.7,91.9
-17.8,91.4
-18.0,91.0
-18.3,90.5
-18.7,90.1
-19.1,89.7
-19.5,89.3
-19.8,89.1
-20.2,88.9
-20.6,88.6
-21.1,88.3
-21.6,88.1
-22.0,88.0
-22.4,87.9
-22.7,87.9
-22.9,88.0
-23.1,88.2
-23.5,88.3
-24.0,88.5
-24.4,88.7
-24.7,88.9
-24.8,88.9
-24.8,88.8
-24.8,88.8
-24.9,88.8
-25.0,88.6
-25.0,88.4
-25.0,88.4
-24.9,88.5
-14.3,121.0
-14.0,121.1
-13.8,121.3
-13.7,121.6
-13.7,121.9
-13.7,122.2
-13.8,122.5
-13.8,122.7
-13.9,122.9
-14.1,123.2
-14.2,123.5
-14.5,123.6
-14.8,123.7
-15.2,123.7
-15.6,123.8
-15.9,123.8
-16.3,123.8
-16.7,123.9
-17.1,124.0
-17.7,124.0
-18.3,124.1
-18.7,124.2
-19.1,124.2
-19.4,124.3
-19.7,124.3
-20.0,124.3
-20.2,124.3
-20.2,124.3
-20.2,124.3
-8.6,132.3
-8.6,131.9
-8.5,131.6
-8.4,131.4
-8.4,131.2
-8.5,130.9
-8.6,130.6
-8.6,130.4
-8.6,130.3
-8.6,130.2
-8.7,130.0
-8.7,129.8
-8.8,129.6
-8.9,129.4
-9.1,129.3
-9.5,129.1
-10.0,128.9
-10.2,128.7
-10.5,128.3
-10.9,127.9
-11.2,127.5
-11.3,127.1
-11.4,126.7
-11.5,126.5
-11.6,126.4
-11.8,126.3
-11.9,126.1
-12.1,125.9
-12.3,125.6
-12.5,125.1
-12.8,124.6
-13.0,124.3
-13.2,124.0
-13.2,123.6
-13.3,123.2
-13.3,122.8
-13.5,122.7
-13.7,122.8
-13.8,123.1
-13.9,123.0
-13.9,122.9
-13.8,122.8
-13.7,122.6
-13.6,122.4
-13.7,122.1
-13.8,121.9
-13.9,121.6
-13.9,121.2
-13.9,120.8
-13.9,120.5
-13.9,120.2
-14.0,120.0
-14.1,119.7
-14.1,119.4
-14.2,119.2
-14.3,119.0
-14.4,118.9
-14.5,118.8
-14.7,118.8
-14.9,118.9
-15.0,119.0
-15.1,119.1
-15.2,119.4
-15.2,119.8
-15.3,120.4
-15.6,121.0
-15.8,121.8
-15.9,122.6
-15.9,123.3
-15.9,123.7
-16.0,124.0
-16.0,124.3
-16.1,124.6
-15.1,168.4
-15.7,168.4
-16.4,168.4
-17.2,168.6
-18.0,168.9
-18.5,169.2
-19.0,169.6
-19.7,170.4
-20.7,171.1
-21.9,171.4
-23.1,171.7
-24.0,172.5
-25.1,173.2
-26.8,173.3
-28.8,173.1
-9.5,135.2
-9.3,135.0
-9.1,135.0
-8.8,135.2
-8.5,135.5
-8.4,135.9
-8.4,136.2
-8.6,136.5
-8.9,136.7
-9.2,136.8
-9.4,137.0
-9.6,137.4
-9.8,137.8
-10.0,138.1
-10.3,138.3
-10.6,138.6
-11.0,138.9
-11.2,139.3
-11.3,139.7
-11.4,140.1
-11.6,140.4
-11.7,140.7
-11.9,141.0
-12.1,141.3
-12.3,141.5
-12.5,141.4
-12.7,141.1
-12.7,141.0
-12.7,141.0
-12.6,141.0
-12.5,141.0
-12.4,141.1
-12.4,141.1
-12.5,141.1
-12.6,140.9
-12.6,140.6
-12.6,140.2
-12.6,139.9
-12.6,139.5
-12.4,139.0
-12.3,138.5
-12.2,138.1
-12.0,137.6
-11.8,137.1
-11.5,136.6
-11.2,136.0
-10.9,135.4
-10.7,134.8
-10.5,134.4
-10.4,134.2
-10.3,134.1
-10.1,133.7
-10.0,133.1
-9.9,132.9
-9.9,132.8
-9.8,132.6
-9.7,132.4
-7.7,138.0
-7.5,138.0
-7.4,138.0
-7.3,137.9
-7.3,137.7
-7.2,137.6
-7.2,137.5
-7.3,137.3
-7.5,137.1
-7.5,137.1
-7.5,137.3
-7.6,137.5
-7.7,137.7
-7.9,137.8
-8.2,137.9
-8.5,138.0
-8.7,138.2
-8.8,138.4
-8.9,138.4
-9.0,138.4
-9.1,138.3
-9.0,138.1
-8.9,137.9
-8.9,137.8
-8.8,137.8
-8.5,137.6
-8.2,137.3
-8.0,137.2
-7.9,137.2
10.0,-96.4
10.2,-96.9
10.4,-97.3
10.6,-97.7
10.8,-98.0
11.0,-98.3
11.2,-98.7
11.3,-99.1
11.3,-99.5
11.3,-99.8
11.4,-100.2
11.7,-100.7
12.1,-101.2
12.4,-101.4
12.7,-101.5
12.8,-101.8
12.8,-102.2
12.9,-102.7
12.9,-103.1
12.7,-103.4
12.4,-103.7
11.8,-104.1
11.5,-104.4
11.9,-104.5
12.4,-104.7
12.7,-105.1
13.0,-105.6
13.3,-105.9
13.6,-106.1
14.1,-106.4
14.6,-106.8
15.1,-107.2
15.6,-107.6
15.9,-107.9
16.2,-108.2
16.6,-108.4
17.0,-108.6
17.3,-108.8
17.7,-108.9
18.2,-109.0
18.7,-109.0
19.2,-109.1
19.6,-109.2
20.0,-109.3
20.4,-109.5
9.6,-103.5
9.6,-103.6
9.6,-103.8
9.6,-104.0
9.7,-104.2
9.7,-104.4
9.8,-104.6
9.9,-104.8
10.0,-105.0
10.1,-105.3
10.1,-105.7
10.1,-106.2
10.1,-106.8
10.1,-107.3
10.1,-107.8
10.2,-108.2
10.3,-108.5
10.6,-108.7
10.9,-108.8
11.2,-109.0
11.5,-109.2
11.7,-109.5
11.8,-109.8
12.0,-110.1
12.3,-110.4
12.7,-110.6
13.0,-110.8
13.3,-111.1
13.5,-111.5
13.8,-111.9
14.0,-112.4
14.2,-112.7
14.4,-113.0
14.6,-113.4
14.9,-113.8
14.9,-114.0
15.0,-114.1
15.1,-114.3
15.2,-114.5
15.3,-114.6
15.4,-114.7
15.5,-114.9
15.7,-115.1
15.7,-115.1
15.8,-115.0
15.9,-114.9
16.0,-114.7
16.1,-114.3
16.2,-113.9
10.0,-92.6
10.1,-92.9
10.3,-93.3
10.5,-93.7
10.7,-94.2
10.9,-94.6
11.2,-95.1
11.4,-95.6
11.6,-96.1
11.9,-96.5
12.3,-97.0
12.6,-97.6
12.8,-98.2
13.1,-98.7
13.5,-99.2
13.9,-99.7
14.2,-100.1
14.4,-100.5
14.6,-100.9
14.8,-101.5
15.0,-102.0
15.2,-102.3
15.4,-102.7
15.6,-103.2
15.8,-103.7
16.0,-104.1
16.2,-104.5
16.4,-105.0
16.7,-105.5
17.0,-105.6
17.3,-105.8
17.6,-106.1
17.9,-106.5
18.2,-107.0
18.5,-107.5
18.7,-107.7
19.0,-107.9
19.3,-108.1
19.7,-108.4
20.2,-108.3
20.6,-108.1
20.9,-108.0
21.0,-108.0
9.1,-94.6
9.1,-94.8
9.1,-95.0
9.1,-95.2
9.1,-95.5
9.1,-95.7
9.1,-96.0
9.2,-96.3
9.3,-96.7
9.4,-97.2
9.6,-97.6
9.8,-98.0
10.1,-98.3
10.4,-98.7
10.7,-99.0
10.9,-99.3
11.0,-99.5
11.0,-99.8
11.1,-100.1
11.3,-100.3
11.5,-100.5
11.8,-100.5
12.3,-100.6
12.9,-100.9
13.5,-101.3
14.0,-101.6
14.4,-101.9
14.6,-102.2
14.9,-102.6
15.2,-102.9
15.6,-103.3
15.9,-103.7
16.2,-104.1
16.4,-104.4
16.7,-104.7
17.0,-105.0
17.4,-105.4
17.7,-106.0
17.9,-106.7
18.0,-107.1
18.1,-107.4
18.2,-107.7
18.3,-108.0
18.4,-108.4
18.5,-108.8
15.0,113.9
15.0,114.2
15.2,114.3
15.7,114.2
16.2,113.9
16.5,113.2
16.7,112.4
16.7,111.9
16.5,111.5
16.3,111.2
16.3,110.9
16.6,110.6
17.0,110.3
17.1,110.1
17.2,109.9
17.3,109.5
17.4,109.2
17.5,109.1
17.7,109.0
18.0,108.8
18.3,108.5
18.5,108.4
18.7,108.3
18.7,108.2
18.8,108.3
19.2,108.6
19.7,108.9
20.0,109.0
20.3,109.1
20.7,109.4
21.2,109.8
9.0,-84.4
9.0,-84.8
9.0,-85.1
9.0,-85.4
9.1,-85.8
9.1,-86.2
9.2,-86.5
9.3,-86.9
9.3,-87.2
9.4,-87.4
9.4,-87.6
9.4,-87.7
9.4,-87.9
9.4,-88.1
9.4,-88.4
9.4,-88.7
9.4,-89.1
9.5,-89.5
9.7,-89.9
9.8,-90.2
10.0,-90.6
10.3,-91.0
10.6,-91.5
10.8,-92.0
11.1,-92.4
11.4,-92.8
11.6,-93.2
11.9,-93.6
12.1,-93.8
12.3,-94.0
12.6,-94.1
12.7,-94.3
12.9,-94.6
13.0,-94.8
13.1,-95.1
13.3,-95.4
13.6,-95.7
13.9,-96.0
14.2,-96.3
14.5,-96.5
14.9,-96.8
15.2,-97.1
15.5,-97.5
15.9,-97.9
16.4,-98.4
16.8,-98.8
17.2,-99.2
17.5,-99.7
17.8,-100.3
29.8,-57.4
29.9,-57.5
30.0,-57.6
30.2,-57.6
30.5,-57.6
30.7,-57.6
31.0,-57.6
31.2,-57.5
31.5,-57.4
31.7,-57.2
32.0,-57.0
32.3,-56.7
32.6,-56.3
33.0,-55.7
33.3,-55.1
33.6,-54.5
33.9,-54.0
34.3,-53.5
34.7,-53.0
35.1,-52.3
35.4,-51.4
35.8,-50.5
36.2,-49.7
36.7,-48.9
37.3,-48.1
37.8,-47.2
38.2,-46.4
38.5,-45.7
38.8,-44.7
39.2,-43.5
39.6,-42.1
23.2,145.9
23.5,145.6
23.8,145.3
24.1,145.0
24.6,144.7
25.2,144.3
25.9,143.9
26.4,143.5
27.0,143.0
27.7,142.5
28.4,141.9
28.9,141.4
29.3,141.0
29.7,140.7
30.0,140.4
30.3,140.2
30.6,140.1
30.9,139.9
31.3,139.8
31.7,139.6
32.0,139.5
32.3,139.5
32.7,139.6
33.2,139.7
33.7,139.8
34.1,140.0
34.5,140.3
35.1,140.8
35.7,141.4
36.4,142.1
37.1,142.9
18.5,113.2
18.9,112.7
19.2,112.2
19.3,111.8
19.4,111.4
19.7,111.0
20.1,110.7
20.5,110.5
21.0,110.3
21.4,110.1
21.7,109.8
17.0,-86.4
17.2,-87.1
17.4,-87.8
17.7,-88.6
17.9,-89.3
18.1,-89.9
18.3,-90.5
18.5,-91.1
18.6,-91.6
18.7,-92.1
18.8,-92.5
18.9,-92.9
19.0,-93.3
19.1,-93.6
19.2,-93.9
19.3,-94.3
19.5,-94.7
-3.0,172.0
-3.1,171.9
-3.3,171.7
-3.7,171.4
-4.2,171.1
-4.7,170.8
-5.0,170.5
-5.0,170.5
-5.0,170.3
-5.1,169.7
-5.4,169.1
-5.9,169.1
-6.5,169.2
-6.9,169.3
-7.2,169.2
-7.3,168.7
-7.4,168.6
-8.1,168.3
-8.7,168.1
-8.9,167.9
-9.0,167.8
-9.3,167.6
-9.5,167.5
-9.7,167.4
-10.0,167.4
-10.3,167.6
-10.7,168.0
-11.0,168.5
-11.3,168.9
-11.8,169.1
-12.2,169.1
-12.3,169.2
-12.5,169.3
-12.8,169.3
-13.1,169.4
-13.3,169.6
-13.5,169.6
-13.7,169.5
-14.0,169.3
-14.2,169.2
-14.5,169.0
-14.8,168.8
-15.1,168.7
-15.4,168.6
-15.6,168.4
-15.7,168.1
-15.8,167.9
-16.0,167.7
-16.2,167.4
-16.6,167.3
-16.9,167.2
-17.1,167.0
-17.2,166.7
-17.2,166.5
-17.3,166.1
-17.4,165.8
-17.5,165.5
-8.6,167.3
-8.6,167.4
-8.5,167.5
-8.4,167.8
-8.4,168.2
-8.5,169.0
-8.7,169.7
-8.8,169.9
-9.4,170.3
-10.3,171.1
-11.1,171.9
-11.8,172.6
-12.4,173.3
-13.0,173.7
-13.5,174.0
-14.1,174.3
-14.7,174.6
-15.4,174.9
-16.1,175.1
-16.7,175.4
-17.3,175.6
-18.0,176.1
-18.7,176.6
-19.5,177.2
-20.3,177.8
-20.9,178.2
-21.5,178.4
-22.1,178.6
-22.6,178.8
-23.2,179.0
-23.9,179.3
-24.4,179.7
-24.9,180.1
-25.5,181.2
-26.0,182.0
-26.5,182.6
-27.0,183.0
-27.6,183.4
-28.2,183.7
-28.8,184.2
-29.4,184.7
-8.4,164.8
-8.4,164.5
-8.4,164.0
-8.5,163.3
-8.5,162.7
-8.4,162.3
-8.2,162.0
-8.1,161.5
-8.0,160.8
-7.7,160.0
-7.5,159.2
-7.7,158.5
-8.0,158.1
-8.1,157.9
-8.2,157.9
-8.3,157.9
-8.5,157.8
-8.7,157.6
-8.9,157.4
-9.0,157.3
-9.1,157.3
-9.3,157.2
-9.4,157.0
-9.3,156.9
-9.3,157.0
-9.5,157.2
-9.9,157.4
-10.3,157.4
-10.7,157.3
-10.9,157.2
-11.0,157.2
-11.3,157.2
-11.6,157.1
-11.7,157.1
-11.8,157.0
-11.9,156.9
-12.1,156.9
-12.4,156.8
-12.7,156.8
-12.9,156.8
-13.1,156.7
-13.4,156.7
-13.8,156.7
-14.0,156.7
-14.2,156.6
-14.3,156.6
-14.5,156.5
-14.7,156.5
-15.0,156.5
-15.1,156.4
-15.3,156.3
-15.3,156.1
-15.4,155.8
-15.7,155.7
-15.9,155.5
-15.8,155.4
-15.7,155.2
-15.7,155.1
-15.8,154.9
-16.0,154.6
-16.2,154.2
-16.2,154.0
-16.4,153.8
-16.9,153.4
-17.4,152.8
-17.5,152.1
-17.5,151.4
-17.6,150.8
-17.8,150.3
-17.7,149.9
-17.5,149.6
-17.1,149.3
-16.8,149.1
-16.7,148.8
-16.6,148.5
-16.4,148.2
-16.3,147.9
-16.1,147.6
-15.9,147.4
-15.7,147.4
-15.6,147.4
-15.5,147.2
-15.6,147.0
-15.6,146.7
-15.7,146.4
-15.7,146.1
-15.7,145.8
-15.8,145.5
-15.8,145.3
-15.8,145.0
-15.9,144.6
-15.9,144.4
-16.0,144.3
-16.1,144.3
-16.3,144.0
-16.3,143.6
-16.0,143.4
-15.8,143.3
-15.8,143.2
-15.9,143.1
-15.8,143.0
-15.8,142.9
-15.8,142.7
-15.7,142.5
-15.7,142.4
-15.8,142.4
-15.8,142.4
-15.9,142.3
-16.0,142.1
-16.1,141.9
-16.1,141.7
-15.9,141.6
-15.6,141.6
-15.4,141.6
-15.5,141.4
-15.7,141.4
-15.8,141.7
-15.9,142.3
-20.7,40.8
-21.0,41.5
-21.3,42.0
-21.5,42.4
-21.5,42.7
-21.5,43.2
-21.4,43.8
-21.4,44.3
-21.4,44.9
-21.6,45.5
-21.8,46.2
-22.0,46.9
-22.1,47.5
-22.2,48.1
-22.4,48.7
-22.5,49.3
-22.7,49.8
-23.0,50.3
-23.4,50.7
-23.8,51.2
-24.2,51.7
-24.7,52.0
-25.2,52.5
-25.7,53.3
-26.3,54.2
-26.9,55.0
-27.6,55.8
-28.4,56.6
-29.1,57.3
-9.8,93.2
-9.8,93.1
-9.9,93.1
-10.0,93.1
-10.1,93.2
-10.4,93.6
-10.6,94.0
-10.7,94.1
-10.8,94.1
-11.1,94.3
-11.3,94.5
-11.2,94.5
-11.0,94.4
-10.9,94.3
-10.8,94.1
-10.7,94.0
-10.6,93.9
-10.4,93.7
-10.1,93.5
-9.9,93.3
-9.7,93.1
-9.4,93.1
-9.3,93.3
-9.5,93.6
-9.6,93.9
-9.6,93.9
-9.5,93.9
-9.6,94.0
-9.6,94.0
-9.5,93.9
-9.4,93.8
-9.5,93.9
-9.7,93.9
-9.6,94.0
-9.5,94.1
-9.6,94.1
-9.7,94.1
-9.9,94.1
-10.0,94.1
-10.2,94.1
-10.3,94.1
-10.5,94.0
-10.6,94.0
-10.7,93.9
-10.9,93.9
-11.1,93.8
-11.4,93.8
-11.7,93.7
-11.9,93.7
-12.1,93.5
-12.2,93.3
-12.3,93.1
-12.4,92.9
-12.4,92.9
-12.5,93.0
-12.5,92.9
-12.6,92.7
-12.6,92.6
-12.6,92.5
-12.5,92.7
-12.4,92.8
-12.4,92.7
-12.5,92.6
-12.5,92.5
-12.4,92.4
-12.2,92.5
-12.0,92.5
-12.0,92.4
-12.1,92.3
-12.0,92.2
-12.0,92.1
-12.1,92.0
-12.2,91.9
-12.3,91.8
-12.3,91.8
-12.4,91.8
-12.5,91.8
-12.4,91.6
-12.3,91.5
-12.4,91.5
-12.5,91.5
-12.6,91.5
-12.6,91.4
-12.6,91.4
-12.7,91.5
-12.8,91.5
-13.0,91.6
-13.2,91.6
-13.3,91.6
-13.4,91.5
-13.5,91.4
-13.7,91.4
-13.8,91.3
-14.0,91.2
-14.1,91.1
-14.1,91.0
-14.2,91.0
-14.3,91.0
-14.4,91.1
-14.6,91.0
-14.7,90.8
-14.9,90.4
-15.1,90.0
-15.3,89.6
-15.5,89.2
-15.7,88.8
-16.0,88.4
-16.3,88.0
-16.6,87.5
-16.7,87.0
-16.9,86.5
-17.2,85.9
-17.5,85.3
-17.9,84.7
-18.2,84.2
-18.5,83.7
-18.7,83.2
-18.8,82.6
-18.9,82.0
-19.1,81.4
-19.3,80.8
-19.4,80.1
-19.5,79.4
-19.7,78.7
-20.0,77.9
-20.1,77.2
-20.3,76.4
-20.6,75.6
-20.9,74.8
-21.3,74.0
-21.7,73.2
-22.2,72.5
-22.7,71.9
-23.2,71.4
-23.7,71.1
-24.4,70.9
-25.1,70.8
-25.7,70.7
-26.3,70.8
-27.1,71.2
-27.9,71.8
-28.6,72.3
-29.1,72.8
-29.5,73.5
-29.9,74.4
-30.2,75.2
-30.6,76.1
-31.1,77.4
-31.6,79.0
-31.9,80.8
-32.4,82.8
-33.2,85.1
-34.2,87.5
-13.3,56.6
-13.6,56.4
-13.9,56.2
-14.2,56.0
-14.5,55.8
-15.0,55.7
-15.5,55.4
-16.0,54.9
-16.6,54.3
-17.2,53.9
-17.7,53.7
-17.9,53.6
-18.1,53.5
-18.6,53.5
-19.1,53.5
-19.5,53.3
-19.8,53.3
-20.0,53.7
-20.1,54.2
-20.3,54.3
-20.5,54.5
-20.6,55.0
-20.8,55.5
-21.0,55.8
-21.3,56.1
-21.6,56.5
-21.8,56.9
-21.9,57.3
-22.1,57.8
-22.5,58.4
-22.8,59.0
-23.0,59.4
-23.1,59.8
-23.2,60.4
-23.3,61.1
-23.8,61.9
-24.2,62.6
-24.2,62.9
-24.1,63.0
-24.1,63.2
-24.2,63.6
-24.3,64.2
-24.3,64.8
-24.2,64.9
-24.0,64.9
-23.8,65.2
-23.6,65.5
-23.7,65.6
-23.9,65.6
-23.8,65.4
-23.6,65.1
-23.4,64.9
-23.3,64.6
-23.3,64.2
-23.3,63.9
-23.4,63.7
-23.5,63.6
-15.2,150.9
-15.0,151.5
-14.8,151.9
-14.7,152.0
-14.6,152.2
-14.6,152.6
-14.6,153.2
-14.5,153.8
-14.5,154.3
-14.4,154.5
-14.4,154.7
-14.4,155.1
-14.4,155.4
-14.3,155.5
-14.2,155.7
-13.9,156.1
-13.6,156.4
-13.5,156.4
-13.6,156.2
-13.6,156.0
-13.7,155.8
-13.9,155.6
-14.1,155.6
-14.3,156.0
-14.4,156.3
-14.6,156.2
-14.7,155.9
-14.8,155.6
-14.8,155.2
-14.8,154.8
-14.8,154.6
-15.0,154.6
-15.2,154.6
-15.3,154.5
-15.3,154.4
-15.4,154.3
-15.4,154.1
-15.4,154.0
-15.4,153.9
-15.4,154.0
-15.4,154.2
-15.5,154.1
-15.7,154.0
-15.8,153.9
-15.9,153.9
-16.0,153.9
-16.1,153.9
-16.2,153.8
-16.4,153.6
-16.7,153.6
-17.0,153.5
-17.1,153.5
-17.2,153.4
-17.3,153.4
-17.3,153.3
-17.3,153.1
-17.2,152.9
-17.3,152.6
-17.4,152.2
-17.4,151.5
-17.5,150.8
-17.6,150.3
-17.7,150.0
-17.9,149.6
-18.2,149.1
-18.4,148.5
-18.7,147.9
-19.0,147.1
-19.2,146.3
-19.4,145.8
-19.8,145.3
-20.2,144.9
-20.6,144.6
-21.0,144.4
-21.3,144.1
-21.5,143.6
-21.7,143.0
-22.0,142.4
-22.3,142.0
-22.3,141.9
-22.3,141.9
-22.4,142.0
-22.4,142.1
-22.2,142.1
-21.8,142.1
-21.5,142.1
-21.2,142.0
-21.1,142.2
-21.1,142.4
-21.3,142.4
-21.5,142.4
-21.6,142.2
-21.7,142.0
-21.9,141.8
-22.0,141.7
-22.1,141.7
-22.2,141.7
-22.4,141.6
-22.6,141.4
-22.7,141.3
-22.8,141.3
-22.8,141.3
-22.8,141.4
-22.9,141.4
-22.9,141.4
-22.9,141.2
-22.7,141.0
-22.3,140.7
-21.8,140.5
-21.5,140.4
-21.2,140.2
-20.8,139.9
-20.3,139.7
-19.9,139.6
-19.6,139.6
-19.2,139.6
-18.8,139.5
-18.4,139.4
-18.0,139.3
-17.7,139.4
-17.5,139.5
-17.3,139.6
-17.3,139.7
-17.4,139.7
-17.5,139.7
-17.4,139.5
-17.3,139.4
-17.2,139.2
-17.3,139.1
-17.6,138.8
-18.0,138.6
-18.1,138.4
-18.2,138.3
-18.3,138.2
-18.5,138.1
-18.9,138.1
-19.3,138.1
-19.7,137.9
-20.1,137.9
-20.6,138.1
-21.1,138.2
-21.7,138.1
-22.3,138.0
-22.9,138.2
-23.4,138.5
-24.0,138.6
-24.6,138.7
-25.4,139.1
-26.2,139.7
-26.8,140.2
-27.2,140.7
-27.6,141.2
-28.1,141.9
-28.8,142.7
-29.6,143.7
-20.8,58.5
-21.5,59.0
-22.1,59.5
-22.9,60.0
-23.6,60.4
-24.4,60.7
-25.0,60.9
-25.3,61.0
-25.4,61.1
-25.7,61.4
-26.0,61.8
-26.4,62.3
-26.8,62.5
-26.9,62.0
-26.9,61.3
-27.1,61.0
-27.5,60.9
-28.0,60.7
-28.6,60.5
-29.2,60.1
-29.7,59.7
-30.1,59.3
-30.6,59.0
-31.2,58.8
-31.8,58.7
-19.7,66.0
-19.7,66.0
-19.8,66.1
-19.9,66.2
-20.0,66.2
-20.0,66.1
-19.9,66.0
-19.7,66.1
-19.5,66.2
-19.2,66.1
-18.8,66.1
-18.5,66.1
-18.4,66.3
-18.4,66.8
-18.5,67.4
-18.7,67.6
-19.2,67.7
-20.0,68.1
-20.8,68.7
-21.4,69.5
-21.8,70.5
-24.4,154.4
-24.7,154.7
-24.9,154.9
-24.8,155.1
-24.5,155.2
-24.2,155.3
-23.8,155.4
-23.5,155.8
-23.1,156.2
-22.6,156.3
-22.1,156.4
-21.7,156.9
-21.4,157.4
-21.1,157.7
-20.8,158.0
-20.5,158.6
-20.4,159.4
-20.5,160.1
-20.5,160.7
-20.3,161.0
-20.0,161.3
-19.9,161.7
-19.8,162.0
-19.4,162.2
-19.0,162.4
-18.9,162.6
-18.9,162.7
-18.6,162.9
-18.3,163.0
-18.3,163.1
-18.3,163.1
-18.1,163.1
-18.0,163.2
-18.0,163.4
-18.0,163.4
-18.0,162.8
-17.9,162.0
-17.8,161.1
-17.8,160.4
-17.9,160.1
-18.0,160.0
-18.1,160.1
-18.2,160.2
-18.1,160.1
-18.0,160.0
-18.0,160.0
-18.1,159.9
-18.1,159.8
-18.1,159.6
-18.0,159.6
-17.9,159.5
-17.6,159.2
-17.3,158.9
-17.0,158.8
-16.8,158.8
-16.5,158.9
-16.3,159.0
-16.1,159.2
-15.9,159.5
-15.8,159.6
-15.7,159.8
-15.6,160.3
-15.6,161.0
-15.6,161.9
-15.7,162.6
-15.7,162.9
-15.7,163.3
-15.8,163.8
-15.9,164.0
-15.8,164.0
-15.8,163.9
-16.0,164.5
-16.4,165.1
-16.6,165.2
-16.8,165.4
-16.9,165.8
-17.0,166.3
-17.1,166.8
-17.2,167.4
-17.2,168.0
-17.1,168.6
-17.0,169.5
-17.0,170.4
-17.2,171.1
-17.6,171.7
-18.1,172.3
-18.5,172.8
-18.9,173.5
-19.2,174.2
-19.1,174.7
-19.0,175.0
-18.8,175.4
-18.6,175.8
-18.7,175.9
-18.8,176.0
-18.9,176.0
-19.0,176.1
-19.1,176.4
-19.2,176.6
-19.1,176.6
-19.0,176.5
-19.0,176.4
-19.1,176.3
-19.1,176.0
-19.0,175.7
-18.9,175.4
-18.7,174.9
-18.5,174.4
-18.2,173.9
-9.0,-176.0
-9.9,-174.4
-10.7,-173.2
-11.4,-172.5
-12.0,-172.0
-12.5,-171.0
-13.0,-170.0
-13.4,-169.6
-14.0,-169.1
-14.9,-168.1
-15.6,-167.1
-16.1,-166.3
-16.5,-165.6
-17.2,-165.1
-17.7,-164.8
-17.7,-164.7
-17.6,-164.6
-17.7,-164.5
-17.8,-164.2
-18.0,-163.8
-18.2,-163.4
-14.6,-165.1
-14.8,-164.4
-15.0,-163.5
-15.3,-162.3
-15.5,-161.1
-15.7,-160.1
-15.9,-159.2
-16.3,-158.2
-16.8,-157.4
-17.2,-156.5
-17.6,-155.7
-17.9,-154.9
-18.3,-154.1
-18.5,-153.4
-18.7,-152.7
-19.0,-151.9
-19.2,-151.3
-19.3,-151.4
-19.4,-151.6
-19.4,-151.3
-19.3,-151.0
-19.3,-150.5
-19.4,-150.0
-19.3,-149.6
-19.3,-149.1
-19.3,-148.4
-19.4,-147.5
-15.1,136.7
-15.1,136.7
-15.1,136.8
-15.1,136.9
-15.0,137.0
-14.9,137.1
-14.9,137.2
-14.8,137.3
-14.8,137.4
-14.9,137.6
-15.0,137.8
-15.2,137.9
-15.4,137.9
-15.5,137.9
-15.6,137.7
-15.5,137.6
-15.5,137.5
-15.8,137.4
-16.2,137.2
-16.3,136.9
-16.5,136.6
-16.6,136.4
-16.9,136.3
-17.2,136.0
-17.4,135.6
-17.5,135.1
-17.6,134.7
-17.8,134.4
-18.0,134.1
-18.1,133.6
-18.2,133.1
-18.2,132.7
-18.2,132.4
-18.3,132.0
-18.5,131.5
-18.6,131.0
-18.7,130.4
-18.8,129.8
-18.7,129.4
-18.5,129.1
-18.2,129.0
-18.1,128.9
-18.0,128.9
-18.0,128.8
-18.0,128.7
-18.1,128.5
-18.0,128.1
-18.0,127.9
-17.9,127.8
-17.8,127.4
-17.7,126.9
-17.6,126.5
-17.3,126.2
-16.8,125.8
-16.3,125.4
-16.0,125.0
-15.8,124.7
-15.8,124.4
-15.8,123.9
-15.6,123.4
-15.5,122.9
-15.5,122.3
-15.7,121.7
-16.0,121.2
-16.3,120.7
-16.6,120.0
-16.8,119.3
-17.2,118.8
-17.5,118.2
-17.6,117.3
-17.6,116.4
-17.8,115.7
-18.0,115.1
-18.3,114.4
-18.5,113.9
-18.7,113.7
-18.9,113.6
-19.3,113.5
-19.7,113.4
-20.0,113.3
-20.5,113.3
-21.3,113.2
-22.2,113.2
-22.8,113.2
-23.3,113.4
-23.8,113.6
-24.1,113.6
-24.6,113.8
-25.0,113.9
-25.4,114.0
-25.8,114.2
-26.1,114.4
-26.5,114.5
-26.9,114.6
-15.2,64.9
-15.7,65.5
-16.0,65.8
-16.1,65.8
-16.1,65.7
-16.3,65.8
-16.4,66.0
-16.3,66.3
-16.2,66.6
-16.3,66.9
-16.4,67.4
-16.3,68.1
-16.2,68.9
-16.3,69.6
-16.4,70.4
-16.5,71.4
-16.7,72.3
-17.0,72.9
-17.5,73.6
-18.0,74.8
-18.5,76.2
-19.1,77.4
-19.9,78.6
-20.7,79.8
-21.6,81.0
-22.3,82.2
-23.1,83.3
-24.1,84.4
-25.2,85.5
-26.2,86.8
-27.3,88.3
-28.6,90.1
-29.8,92.0
-30.7,93.9
-31.3,95.8
-17.0,-164.5
-17.5,-163.8
-17.8,-163.3
-18.0,-162.9
-18.4,-162.4
-19.3,-161.6
-20.3,-160.6
-21.2,-159.2
-22.0,-157.7
-22.7,-156.3
-23.4,-155.0
-14.9,54.6
-14.6,54.9
-14.4,55.3
-14.3,55.7
-14.2,56.1
-14.1,56.4
-14.1,56.8
-14.0,57.2
-14.0,57.6
-14.0,58.2
-14.0,58.8
-13.9,59.2
-13.8,59.6
-13.9,60.0
-14.1,60.4
-14.4,60.6
-14.8,60.6
-15.2,60.5
-15.6,60.4
-16.1,60.3
-16.6,60.2
-17.1,59.9
-17.7,59.6
-18.5,59.3
-19.3,59.1
-19.7,58.8
-20.1,58.6
-20.8,58.6
-21.4,58.5
-21.7,58.1
-21.8,57.6
-22.0,57.4
-22.3,57.5
-22.9,57.9
-23.4,58.3
-23.7,58.5
-23.8,58.5
-23.9,58.5
-23.9,58.4
-23.9,58.2
-23.8,58.0
-23.6,57.8
-23.4,57.5
-23.1,57.2
-22.8,56.8
-10.2,89.8
-9.8,90.4
-9.6,91.0
-9.7,91.5
-9.9,92.0
-10.0,92.5
-10.0,92.9
-10.1,93.5
-10.2,93.9
-10.3,94.0
-10.4,93.9
-10.5,94.0
-10.7,94.0
-11.0,93.9
-11.3,93.7
-11.4,93.6
-11.5,93.5
-11.5,93.6
-11.5,93.8
-11.7,93.9
-11.9,94.2
-11.9,94.7
-11.8,95.2
-11.9,95.5
-12.1,95.8
-12.3,96.6
-12.4,97.3
-12.4,97.6
-12.2,97.8
-12.0,98.4
-11.8,99.1
-11.7,99.9
-11.7,100.6
-12.0,101.3
-12.3,101.8
-12.3,102.1
-12.2,102.5
-12.2,103.6
-12.4,104.5
-12.9,105.1
-13.4,105.5
-13.5,105.8
-13.4,106.1
-13.3,106.8
-13.2,107.6
-13.5,108.5
-14.0,109.2
-14.2,109.5
-14.3,109.8
-14.5,110.3
-14.8,110.8
-15.1,111.2
-15.3,111.7
-15.3,112.0
-15.3,112.5
-15.4,113.1
-15.6,113.9
-15.9,114.5
-16.2,115.0
-16.6,115.4
-17.0,115.6
-17.1,115.5
-17.2,115.4
-17.4,115.3
-17.6,115.2
-17.7,115.1
-17.7,114.9
-17.8,114.7
-17.8,114.5
-17.8,114.6
-17.7,114.8
-17.6,114.7
-17.4,114.5
-17.3,114.3
-17.3,114.0
-17.2,113.9
-17.1,113.9
-16.9,113.8
-16.9,113.8
-17.0,114.0
-17.2,114.0
-17.2,113.5
-17.2,113.0
-17.2,112.8
-17.2,112.8
-17.3,112.8
-17.4,112.7
-17.4,112.6
-17.3,112.4
-17.2,112.3
-17.1,112.3
-17.1,112.2
-17.3,112.2
-17.7,112.1
-18.0,112.0
-18.2,111.9
-18.3,111.8
-18.3,111.8
-18.1,111.8
-18.0,111.6
-17.8,111.4
-17.8,111.1
-17.8,110.9
-17.8,110.6
-17.8,110.3
-17.7,110.0
-17.7,109.6
-17.7,109.2
-17.8,108.8
-17.8,108.3
-17.8,107.8
-17.9,107.3
-17.9,106.7
-17.9,106.2
-17.8,105.7
-17.8,105.3
-17.7,104.8
-17.7,104.3
-17.8,103.8
-17.8,103.2
-17.9,102.6
-18.0,101.8
-18.1,101.0
-18.2,100.2
-18.4,99.5
-18.5,98.7
-18.7,97.9
-18.9,97.2
-19.2,96.5
-19.5,95.6
-19.8,94.8
-20.2,94.3
-20.5,93.8
-20.9,93.1
-21.3,92.4
-21.8,91.8
-22.2,91.3
-22.5,90.7
-22.7,90.1
-22.9,89.7
-23.1,89.3
-23.2,88.8
-23.4,88.2
-23.7,87.6
-24.0,87.1
-24.3,86.7
-24.6,86.4
-25.1,86.3
-25.6,86.2
-19.8,38.5
-19.9,38.0
-20.0,37.7
-20.1,37.5
-20.3,37.3
-20.4,36.9
-20.5,36.4
-20.6,36.0
-20.6,35.8
-20.6,35.7
-20.7,35.6
-21.0,35.3
-21.5,34.9
-22.2,34.5
-23.0,34.2
-23.8,34.0
-24.5,33.8
-24.8,33.6
-25.0,33.5
-25.5,33.2
-26.0,33.1
-26.3,33.6
-26.6,34.3
-27.3,34.9
-28.2,35.6
-28.9,36.3
-29.7,37.1
-30.5,37.9
-31.4,38.9
-32.4,40.5
-33.4,42.4
-11.7,130.9
-11.6,131.1
-11.6,131.3
-11.6,131.4
-11.6,131.7
-11.5,132.4
-11.5,133.2
-11.8,133.9
-12.1,134.5
-12.2,134.8
-12.2,135.1
-12.3,135.8
-12.4,136.4
-12.7,136.7
-13.0,136.9
-13.3,137.1
-13.5,137.2
-13.6,137.3
-13.7,137.6
-13.8,137.8
-13.9,137.9
-14.2,137.8
-14.4,137.7
-14.5,137.6
-14.4,137.6
-14.4,137.6
-14.4,137.5
-14.6,137.5
-14.9,137.4
-15.0,137.2
-15.0,137.1
-14.9,137.2
-15.0,137.3
-15.1,137.3
-15.3,137.2
-15.5,137.1
-15.6,137.0
-15.8,136.9
-15.9,136.9
-16.0,136.8
-16.2,136.6
-16.3,136.5
-16.4,136.4
-16.5,136.4
-16.7,136.4
-17.0,136.2
-17.3,135.9
-17.6,135.6
-17.8,135.3
-17.9,135.0
-17.9,134.7
-17.9,134.3
-17.9,133.8
-17.9,133.4
-17.9,133.1
-17.8,132.8
-17.8,132.5
-17.7,132.1
-17.6,131.8
-17.4,131.4
-17.2,130.9
-17.0,130.5
-16.8,130.2
-16.6,130.1
-12.7,50.8
-12.4,50.7
-12.3,50.6
-12.4,50.6
-12.5,50.7
-12.6,50.6
-12.7,50.5
-12.8,50.3
-12.9,50.1
-12.9,49.8
-13.0,49.6
-13.1,49.4
-13.3,49.2
-13.4,49.1
-13.6,49.0
-13.7,48.9
-13.9,48.8
-14.2,49.1
-14.4,49.2
-14.3,48.4
-14.1,47.6
-14.2,47.6
-14.4,47.8
-14.4,47.7
-14.3,47.7
-14.2,47.8
-14.2,48.1
-14.6,48.5
-15.3,48.9
-11.0,119.5
-11.3,119.6
-11.5,119.7
-11.7,119.8
-11.9,119.9
-12.1,119.9
-12.2,119.9
-12.4,119.9
-12.5,120.0
-12.6,120.0
-12.8,119.6
-12.8,119.8
-12.8,120.1
-12.9,120.2
-13.1,120.2
-13.3,120.2
-13.6,120.2
-13.9,120.0
-14.2,119.8
-14.4,119.5
-14.5,119.4
-14.6,119.2
-14.8,119.2
-15.1,119.2
-15.4,119.2
-15.6,119.1
-15.9,118.9
-16.2,118.7
-16.5,118.6
-16.5,118.6
-16.5,118.6
-16.6,118.6
-16.7,118.6
-16.7,118.4
-16.8,118.1
-17.0,117.8
-17.2,117.5
-17.4,117.0
-17.6,116.6
-17.8,116.5
-18.0,116.4
-18.3,116.3
-18.5,116.2
-18.7,116.2
-18.9,116.1
-19.2,115.9
-19.6,115.6
-20.0,115.4
-20.4,115.2
-20.8,114.9
-21.1,114.7
-21.4,114.3
-21.7,114.0
-21.9,113.8
-22.1,113.7
-22.2,113.6
-22.2,113.6
-22.2,113.6
-22.2,113.6
-10.6,151.8
-11.1,151.7
-11.5,151.8
-11.9,152.1
-12.2,152.5
-12.6,152.9
-12.9,153.2
-13.1,153.5
-13.2,153.8
-13.4,154.0
-13.7,154.3
-14.0,154.6
-14.2,155.0
-14.4,155.4
-14.5,155.7
-14.7,155.9
-14.8,156.0
-15.0,156.2
-15.2,156.3
-15.1,156.4
-14.9,156.2
-14.4,155.6
-14.0,155.2
-13.8,154.8
-13.6,154.5
-8.6,45.1
-8.7,45.0
-8.8,44.9
-9.0,44.8
-9.1,44.6
-9.0,44.4
-8.9,44.2
-8.8,44.1
-8.7,44.1
-8.7,44.0
-8.7,43.8
-8.8,43.6
-8.8,43.3
-8.6,43.0
-8.4,42.7
-8.3,42.4
-8.2,42.0
-8.1,41.7
-8.1,41.4
-8.0,41.1
-7.9,40.8
-7.8,40.3
-7.7,39.8
-7.7,39.2
-7.7,38.6
-9.1,52.5
-9.3,52.3
-9.4,52.1
-9.3,52.0
-9.1,51.9
-9.0,51.5
-9.0,51.0
-8.9,50.7
-8.7,50.4
-8.5,50.1
-8.4,49.9
-8.2,49.6
-8.1,49.4
-8.0,49.0
-7.9,48.6
-7.8,48.3
-7.8,47.9
-7.8,47.4
-7.8,47.0
-7.7,46.8
-7.5,46.6
-7.4,46.3
-7.4,45.9
-7.4,45.5
-7.4,45.2
-7.3,45.0
-7.0,44.9
-6.7,44.7
-6.3,44.5
-5.9,44.4
-5.7,44.3
-5.7,44.1
-5.8,43.8
-5.9,43.5
-5.9,43.3
-5.6,43.1
-5.2,43.0
-4.9,42.8
-4.7,42.6
-4.7,42.4
-4.7,42.2
-4.5,42.0
-4.1,41.9
-3.7,41.8
-3.4,41.9
-3.3,42.1
-3.2,42.3
-3.2,42.1
-3.1,41.8
-2.3,75.2
-2.3,75.5
-2.2,75.7
-2.4,76.1
-2.6,76.6
8.3,129.6
8.3,128.9
8.5,128.3
8.8,127.9
9.2,127.4
9.7,126.9
10.2,126.4
10.7,126.0
11.2,125.5
11.8,124.7
12.3,124.0
12.6,123.5
12.8,123.0
13.1,122.6
13.4,122.3
13.6,122.1
13.8,121.9
13.9,121.6
14.0,121.4
14.2,121.5
14.4,121.8
14.6,122.0
14.9,122.3
15.2,122.4
15.5,122.5
15.7,122.6
15.8,122.8
16.0,123.1
16.3,123.5
16.6,123.7
17.0,123.9
17.3,124.2
17.6,124.5
18.0,124.7
18.4,125.2
19.1,125.9
19.8,126.7
20.5,127.4
21.2,128.1
22.0,128.8
22.8,129.5
23.5,130.1
24.2,130.8
25.0,131.6
25.6,132.3
26.1,132.7
26.4,133.1
26.9,133.5
27.3,133.9
27.6,134.4
27.9,134.9
28.4,135.3
28.9,135.8
29.4,136.3
30.0,136.9
30.8,137.6
31.6,138.2
32.3,139.0
33.0,139.9
33.9,141.4
34.8,143.1
35.5,144.7
36.3,146.5
37.2,148.6
38.1,150.9
38.7,153.1
39.2,155.1
39.9,157.0
40.5,158.9
41.0,160.7
41.6,162.8
42.3,165.4
43.1,168.4
43.9,171.2
44.7,174.1
45.4,176.6
46.2,179.1
47.1,181.9
47.9,184.9
18.8,89.4
18.8,89.2
18.8,89.1
19.0,89.0
19.4,89.0
19.9,89.0
20.4,88.9
20.7,88.8
20.9,88.7
21.3,88.5
21.7,88.4
22.1,88.5
22.4,88.8
22.7,89.1
23.0,89.4
23.3,89.6
23.6,89.9
23.9,90.1
24.2,90.4
18.0,111.9
18.1,111.9
18.2,111.9
18.2,111.9
18.3,111.9
18.5,112.0
18.8,112.1
19.1,112.2
19.6,112.4
20.0,112.2
20.4,111.9
20.7,111.7
21.1,111.5
21.3,111.4
21.7,111.5
22.0,111.7
22.4,112.0
22.9,112.1
23.4,112.5
23.7,112.8
24.0,113.5
24.4,114.3
24.8,115.1
24.9,115.6
24.9,116.4
24.8,117.6
24.7,119.4
24.3,121.9
23.8,123.3
23.7,123.8
23.8,124.2
23.8,125.2
23.9,126.4
23.9,127.3
24.0,128.2
24.0,129.0
24.1,129.8
24.3,130.7
24.5,131.6
24.7,132.7
24.8,133.7
24.8,134.5
24.8,135.1
24.8,135.8
24.9,136.4
24.9,136.9
24.9,137.3
24.8,137.6
24.8,138.0
24.8,138.5
24.8,139.0
19.9,-92.7
20.2,-92.7
20.4,-92.7
20.6,-92.7
20.9,-92.7
21.2,-92.7
21.5,-92.6
21.8,-92.6
22.0,-92.6
22.2,-92.6
22.3,-92.8
22.4,-93.1
22.4,-93.5
22.3,-93.9
22.1,-94.2
21.9,-94.5
21.8,-94.8
21.6,-95.1
21.5,-95.5
21.7,-96.0
22.0,-96.7
22.4,-97.8
22.4,-98.8
8.9,-39.6
8.9,-40.4
9.0,-41.3
9.1,-42.2
9.2,-43.1
9.4,-44.1
9.5,-45.2
9.6,-46.1
9.7,-47.0
9.8,-47.9
9.9,-48.7
10.0,-49.6
10.1,-50.5
10.3,-51.4
10.4,-52.3
10.4,-53.2
10.5,-54.0
10.7,-54.9
10.9,-55.7
11.1,-56.5
11.2,-57.3
11.3,-58.2
11.5,-59.0
11.7,-59.8
12.0,-60.6
12.5,-61.4
12.5,-61.5
12.8,-62.3
13.1,-63.2
13.5,-64.1
13.9,-65.0
14.3,-65.9
14.7,-66.9
14.8,-67.2
15.0,-67.9
15.3,-68.9
15.6,-69.9
15.8,-70.9
16.0,-71.8
16.1,-72.7
16.3,-73.5
16.5,-74.4
16.8,-75.3
17.0,-76.1
17.3,-76.8
17.5,-77.5
17.8,-78.3
18.0,-79.1
18.3,-80.0
18.5,-80.9
18.8,-81.8
19.1,-82.6
19.3,-83.4
19.4,-84.1
19.4,-84.8
19.6,-85.5
19.8,-86.2
20.1,-86.9
20.3,-87.4
20.4,-87.6
20.7,-88.2
20.9,-88.8
21.1,-89.3
21.4,-89.8
21.6,-90.4
21.9,-90.9
22.2,-91.4
22.6,-91.8
23.1,-92.2
23.6,-92.7
24.0,-93.2
24.4,-93.6
24.7,-94.0
24.9,-94.3
25.2,-94.6
25.5,-94.9
25.9,-95.2
26.3,-95.4
26.7,-95.6
27.1,-95.7
27.7,-95.8
28.2,-95.9
28.6,-96.0
28.7,-96.0
29.3,-96.0
30.0,-95.9
30.7,-95.6
31.4,-95.3
32.1,-94.9
32.7,-94.6
33.4,-94.1
34.2,-93.3
35.0,-92.4
35.9,-91.4
36.9,-90.3
37.9,-88.7
38.9,-87.3
39.7,-86.6
40.4,-86.1
41.0,-85.5
41.5,-84.8
41.9,-83.9
42.2,-82.9
42.5,-82.1
42.7,-81.3
42.8,-80.6
42.9,-80.0
43.0,-79.3
43.1,-78.6
19.7,-95.4
19.8,-95.6
19.9,-96.0
19.9,-96.5
19.8,-97.0
14.5,-104.3
14.9,-104.3
15.4,-104.4
15.9,-104.5
16.3,-104.8
16.7,-105.2
17.1,-105.6
17.4,-106.1
17.7,-106.6
18.0,-107.1
18.3,-107.6
18.5,-108.0
18.7,-108.4
18.8,-108.8
18.8,-109.3
18.8,-109.8
18.7,-110.2
18.6,-110.7
18.5,-111.1
18.4,-111.5
18.4,-111.8
18.4,-112.1
18.3,-112.4
18.2,-112.7
18.1,-113.0
13.2,113.9
13.1,113.6
13.1,113.3
13.2,113.0
13.4,112.8
13.5,112.5
13.7,112.3
13.9,112.1
14.2,111.9
14.4,111.7
14.6,111.4
14.8,111.2
15.0,110.9
15.3,110.5
15.7,110.0
16.1,109.5
16.4,109.3
16.7,108.7
17.1,107.9
17.2,107.1
17.4,106.3
11.6,133.2
12.1,132.8
12.7,132.3
13.3,131.9
13.9,131.4
14.4,130.5
14.6,129.8
14.9,129.4
15.2,129.0
15.6,128.5
16.0,128.0
16.2,127.6
16.4,127.3
16.5,126.8
16.5,126.2
16.6,125.9
16.7,125.7
16.7,125.6
16.7,125.7
16.7,125.6
16.8,125.6
16.9,125.6
17.1,125.6
17.2,125.7
17.4,125.7
17.7,125.7
18.0,125.6
18.2,125.5
18.3,125.4
18.4,125.2
18.6,125.0
19.1,125.0
19.8,125.0
20.2,125.1
20.6,125.1
21.3,124.9
21.9,124.5
22.4,124.0
22.8,123.5
23.1,123.4
23.5,123.3
23.9,122.9
24.2,122.5
24.0,122.0
23.6,121.7
24.1,121.7
24.7,121.4
25.0,120.8
25.1,120.2
25.1,120.0
25.2,119.8
25.3,119.6
25.4,119.3
25.4,119.0
25.6,118.8
25.9,118.6
26.5,118.3
27.0,118.0
27.5,117.7
27.8,117.3
28.0,117.0
28.0,116.6
28.2,116.2
28.5,115.9
28.8,115.7
28.9,115.4
29.2,115.2
29.3,114.9
29.4,114.6
29.4,114.4
29.6,114.1
29.7,113.6
29.8,112.9
29.7,111.8
29.5,110.9
29.6,110.1
29.8,109.5
30.0,109.0
30.2,108.7
14.1,118.1
14.4,117.4
14.7,116.8
14.9,116.2
15.1,115.7
15.4,115.0
15.6,114.5
15.7,114.3
15.9,114.2
16.0,113.8
16.2,113.2
16.2,112.4
16.2,111.7
16.1,111.4
16.0,111.3
16.4,111.1
16.9,111.0
17.4,111.0
17.8,110.8
18.3,110.6
18.8,110.2
19.2,109.7
19.6,109.2
19.8,108.9
20.1,108.6
20.3,108.4
20.5,108.2
20.7,108.0
21.0,107.9
21.3,107.7
21.4,107.5
21.6,107.5
21.6,107.4
21.6,107.2
21.7,106.9
21.6,106.7
21.7,106.6
21.7,106.6
21.8,106.6
21.8,106.7
21.8,106.8
21.7,106.8
21.5,106.9
21.2,107.2
21.0,107.7
21.1,108.2
21.2,108.5
21.3,108.7
21.5,108.8
16.3,-110.5
16.6,-111.1
16.9,-111.7
17.2,-112.3
17.4,-112.8
17.6,-113.4
17.8,-114.0
18.0,-114.6
18.1,-115.2
18.2,-115.8
18.4,-116.4
18.6,-117.0
18.7,-117.5
18.8,-118.0
18.9,-118.5
19.0,-118.9
19.1,-119.3
19.2,-119.7
19.2,-120.1
19.3,-120.5
19.3,-121.0
19.3,-121.5
19.3,-122.0
19.3,-122.5
19.2,-123.0
19.1,-123.4
19.0,-123.8
18.8,-124.2
18.5,-124.6
18.2,-125.0
17.8,-125.4
17.4,-125.8
17.0,-126.3
16.6,-126.8
16.1,-127.3
14.3,-105.8
14.6,-106.2
15.0,-106.7
15.4,-107.2
15.8,-107.6
16.1,-108.0
16.4,-108.4
16.6,-108.9
16.8,-109.4
17.0,-109.9
17.1,-110.4
17.2,-110.8
17.4,-111.3
17.6,-111.8
17.8,-112.4
18.0,-113.0
18.1,-113.5
18.2,-114.0
18.3,-114.6
18.4,-115.2
18.5,-115.8
18.6,-116.5
18.7,-117.2
18.8,-117.8
18.8,-118.4
18.8,-119.0
18.8,-119.5
18.9,-120.0
19.0,-120.5
19.1,-121.0
19.3,-121.4
19.4,-121.9
19.5,-122.4
19.6,-123.0
19.7,-123.5
19.8,-124.0
19.8,-124.4
19.8,-124.9
19.9,-125.4
20.0,-125.8
20.1,-126.1
20.2,-126.5
20.3,-126.8
20.4,-127.1
20.5,-127.4
20.6,-127.7
20.6,-128.1
20.6,-128.5
20.6,-128.8
20.6,-129.1
20.6,-129.4
20.6,-129.7
20.6,-130.1
20.6,-130.5
20.6,-131.0
20.5,-131.4
20.4,-131.8
20.2,-132.2
20.1,-132.6
20.0,-132.9
19.9,-133.3
19.8,-133.7
19.6,-134.2
12.4,-129.3
12.4,-129.5
12.4,-129.6
12.4,-129.7
12.4,-129.9
12.4,-130.1
12.3,-130.3
12.3,-130.4
12.3,-130.5
12.3,-130.6
12.4,-130.6
12.6,-130.6
12.9,-130.6
13.1,-130.6
13.4,-130.5
13.7,-130.4
14.0,-130.1
14.3,-129.7
14.5,-129.2
14.8,-128.7
15.1,-128.2
15.4,-127.7
15.8,-127.2
20.4,-75.8
20.5,-76.7
20.6,-77.5
20.7,-78.2
20.9,-78.9
21.2,-79.6
21.5,-80.2
21.8,-80.9
22.2,-81.5
22.6,-82.1
23.1,-82.6
23.5,-82.9
23.9,-83.2
24.4,-83.5
25.0,-83.8
25.6,-84.1
26.2,-84.3
26.8,-84.4
27.3,-84.3
27.8,-84.2
28.3,-84.1
28.7,-84.0
29.1,-83.9
29.4,-83.7
29.7,-83.5
29.9,-83.4
30.3,-83.2
30.4,-83.0
30.6,-82.7
30.8,-82.3
31.0,-82.0
31.3,-81.8
31.6,-81.6
31.8,-81.4
31.9,-81.3
32.0,-81.1
32.0,-80.8
31.9,-80.4
31.8,-80.0
31.8,-79.7
32.0,-79.5
32.2,-79.3
32.4,-79.2
32.5,-79.2
32.6,-79.3
32.7,-79.4
32.8,-79.5
33.0,-79.6
33.3,-79.8
33.7,-80.0
34.1,-80.2
34.6,-80.3
35.0,-80.3
35.5,-80.1
36.1,-79.9
37.0,-79.7
38.6,-79.4
40.3,-78.9
41.6,-77.9
42.8,-76.5
44.0,-74.9
45.3,-73.0
46.6,-71.1
47.8,-69.1
48.7,-67.0
49.4,-64.7
49.8,-62.2
50.0,-59.5
14.0,-105.7
14.1,-105.9
14.3,-106.2
14.7,-106.6
15.2,-107.2
15.5,-107.8
15.8,-108.5
16.1,-109.2
16.5,-110.0
17.0,-110.7
17.5,-111.5
18.0,-112.3
18.5,-113.1
19.0,-114.0
19.5,-115.0
20.0,-116.0
20.3,-117.0
20.4,-118.0
20.3,-118.8
19.8,-119.5
19.3,-119.8
19.0,-119.7
18.8,-119.3
15.9,-112.9
15.8,-113.0
15.6,-113.1
15.4,-113.3
15.2,-113.5
15.0,-113.7
14.8,-113.9
14.5,-114.0
14.2,-114.0
13.9,-114.0
13.6,-114.0
13.4,-114.2
13.4,-114.4
13.5,-114.6
13.6,-114.8
13.7,-114.9
13.8,-115.0
13.9,-115.1
14.2,-115.1
14.6,-115.1
15.1,-115.2
15.6,-115.4
16.2,-115.7
16.7,-116.0
17.3,-116.4
18.1,-116.8
18.9,-117.4
19.5,-118.2
20.0,-119.2
20.4,-120.1
20.8,-121.0
21.1,-121.8
21.3,-122.6
21.5,-123.3
21.7,-123.9
21.9,-124.5
22.1,-125.0
22.3,-125.6
22.5,-126.1
22.6,-126.6
22.8,-127.1
23.0,-127.6
23.2,-128.0
23.4,-128.4
23.7,-128.9
24.0,-129.4
24.2,-129.9
24.4,-130.4
24.6,-130.9
24.8,-131.3
24.9,-131.7
24.0,140.8
24.0,140.5
24.1,140.3
24.2,140.2
24.4,140.1
24.7,140.1
25.1,140.3
25.4,140.4
25.6,140.5
25.7,140.6
25.9,140.8
25.9,140.9
25.9,141.1
25.9,141.2
25.7,141.2
25.7,141.3
25.7,141.5
25.6,141.7
25.5,142.0
25.5,142.4
25.7,142.8
26.0,143.4
26.5,143.9
27.1,144.4
27.8,144.8
28.3,145.1
28.8,145.4
29.4,145.6
30.0,145.7
30.4,145.9
30.8,146.0
31.5,146.0
32.2,146.0
32.7,145.9
33.1,145.9
33.6,145.9
34.1,146.0
34.6,146.1
35.0,146.0
35.5,145.6
35.9,145.2
36.1,145.2
36.3,145.3
36.5,145.2
36.8,145.1
37.2,144.9
37.5,144.6
37.6,144.2
37.7,143.9
37.7,143.6
37.9,143.3
38.0,143.1
38.3,142.8
38.6,142.2
38.9,141.9
39.0,141.7
39.4,141.3
39.8,140.8
40.1,140.3
40.3,139.8
40.6,139.4
40.9,139.1
41.2,138.9
41.5,138.9
41.9,138.9
42.3,139.0
42.3,139.0
42.2,139.0
42.2,139.0
42.2,139.0
41.8,139.1
41.4,139.4
41.2,139.7
41.2,140.2
41.4,140.8
41.6,141.5
26.5,153.9
26.6,154.3
26.8,154.7
27.0,154.9
27.3,155.0
27.5,155.1
27.8,155.1
28.3,154.9
29.0,154.7
29.5,154.6
30.2,154.4
30.8,153.7
31.4,152.8
31.9,152.1
32.4,151.5
32.7,151.0
33.0,150.5
33.5,150.0
34.2,149.4
34.7,148.6
35.3,147.9
35.6,147.3
36.0,146.8
36.6,146.3
37.2,145.9
37.9,145.7
38.6,145.6
39.3,145.6
40.0,145.9
40.7,146.2
41.6,146.8
42.4,147.4
43.2,148.2
43.9,149.0
44.5,150.2
45.7,152.2
46.9,154.5
47.4,156.2
47.6,157.9
47.8,159.8
47.8,161.8
47.4,163.5
46.9,165.2
46.5,166.8
46.2,168.6
46.1,170.8
46.4,173.0
47.2,174.7
48.4,176.2
49.6,177.6
51.0,178.8
52.4,179.6
53.6,180.0
54.7,180.3
55.5,180.5
56.2,180.1
56.6,179.6
56.7,179.4
56.6,179.7
56.6,180.6
56.8,182.0
57.2,183.5
57.7,185.2
58.4,186.9
59.1,188.7
14.4,-47.2
14.6,-48.5
14.8,-49.8
15.1,-51.0
15.3,-52.2
15.5,-53.4
15.6,-54.6
15.8,-55.6
15.9,-56.6
16.0,-57.6
16.0,-58.6
16.0,-59.6
16.1,-60.5
16.3,-61.2
16.4,-61.4
16.6,-62.0
16.7,-62.2
17.0,-62.7
17.6,-63.5
17.9,-64.0
18.3,-64.7
18.4,-64.9
18.8,-65.6
19.0,-66.0
19.4,-66.6
19.9,-67.2
20.5,-67.6
21.1,-68.0
21.7,-68.4
22.3,-68.7
22.9,-69.0
23.4,-69.2
23.9,-69.3
24.5,-69.3
25.1,-69.2
25.6,-69.0
26.1,-68.7
26.6,-68.3
27.1,-67.9
27.7,-67.5
28.3,-67.1
28.9,-66.8
29.5,-66.4
30.0,-66.1
30.5,-65.7
31.0,-65.4
31.4,-65.2
31.9,-65.0
32.3,-64.8
32.4,-64.8
32.6,-64.6
32.8,-64.4
33.0,-64.2
33.2,-63.9
33.5,-63.6
33.9,-63.4
34.3,-63.2
34.8,-63.1
35.4,-63.0
35.9,-62.8
36.4,-62.6
37.0,-62.3
37.7,-62.0
38.4,-61.7
39.2,-61.2
40.0,-60.6
40.9,-59.8
41.8,-59.1
42.8,-58.1
43.8,-56.7
44.8,-55.0
45.7,-53.3
46.6,-51.4
47.5,-49.4
48.3,-47.2
49.0,-44.7
49.7,-41.9
21.7,134.9
21.8,135.2
22.0,135.4
22.2,135.6
22.4,135.8
22.5,135.9
22.6,136.1
22.9,136.3
23.3,136.7
23.7,137.1
24.0,137.5
24.2,137.8
24.4,138.1
24.7,138.3
25.0,138.6
25.2,138.8
25.4,139.0
25.5,139.2
25.6,139.5
25.8,139.8
26.0,140.2
26.4,140.5
26.8,140.8
27.2,141.0
27.6,141.2
28.0,141.3
28.5,141.3
29.0,141.3
29.6,141.2
30.1,141.1
30.6,141.0
31.0,140.9
31.5,140.8
32.0,140.8
32.5,140.8
33.1,140.8
33.5,140.8
33.8,140.8
34.1,141.1
34.5,141.5
35.0,142.0
35.4,142.4
35.9,143.0
36.2,143.4
36.6,143.9
36.9,144.5
37.2,145.3
37.4,146.3
37.6,147.5
38.0,148.6
38.5,149.8
39.0,151.2
39.5,152.6
40.0,153.9
40.5,155.3
41.2,156.7
41.9,158.2
42.5,159.6
43.1,160.9
43.6,161.8
44.3,162.8
45.1,163.9
46.2,165.2
47.2,166.7
48.4,168.1
49.7,169.2
51.1,169.9
52.4,170.2
53.6,170.2
54.6,170.2
55.4,170.2
56.2,170.6
56.9,171.1
57.5,171.5
58.0,172.2
58.7,173.2
59.4,174.6
60.3,176.0
61.1,177.7
61.9,179.5
62.5,181.6
23.9,146.7
24.2,147.4
24.5,147.9
25.0,148.3
25.3,148.6
25.6,149.0
25.8,149.4
26.0,149.6
26.2,149.8
26.4,149.9
26.7,150.1
27.0,150.2
27.3,150.2
27.6,150.2
27.9,150.0
28.0,149.8
28.1,149.5
28.5,149.2
29.1,148.9
29.8,148.5
30.5,148.0
31.1,147.6
31.9,147.3
33.1,147.0
34.3,146.8
35.1,146.5
35.8,146.4
36.5,146.7
37.2,147.2
38.1,147.6
38.9,148.2
39.7,149.3
40.2,150.5
40.2,151.5
39.9,152.7
39.7,154.5
39.5,156.5
39.4,158.5
39.4,160.5
39.3,162.2
39.3,163.7
39.2,165.3
39.2,166.9
39.2,168.3
39.1,169.7
39.0,171.1
38.9,172.5
38.9,173.9
39.0,175.0
39.2,175.8
39.3,176.4
39.2,177.1
39.1,177.7
39.0,178.3
39.0,178.9
39.2,179.3
39.4,179.6
39.5,179.7
39.5,179.8
39.6,179.9
39.7,180.1
14.1,-109.3
14.3,-109.8
14.4,-110.4
14.5,-111.0
14.6,-111.7
14.7,-112.4
14.8,-113.0
14.9,-113.7
15.0,-114.3
15.0,-114.9
14.9,-115.4
14.9,-115.9
15.0,-116.4
15.1,-116.8
15.3,-117.2
15.4,-117.6
15.6,-118.0
15.8,-118.5
15.9,-119.0
15.9,-119.5
15.9,-120.0
15.9,-120.5
15.9,-121.0
15.9,-121.5
15.9,-121.9
15.9,-122.3
16.0,-122.6
16.1,-122.9
16.2,-123.1
16.3,-123.4
16.4,-123.6
16.5,-123.8
16.6,-124.0
16.7,-124.2
16.8,-124.4
16.9,-124.6
17.0,-124.9
17.2,-125.1
17.3,-125.4
17.4,-125.6
17.4,-125.9
17.4,-126.2
17.4,-126.5
17.4,-126.8
17.4,-127.2
17.4,-127.6
17.4,-128.0
17.4,-128.4
17.4,-128.8
17.4,-129.2
17.5,-129.7
17.5,-130.1
17.6,-130.5
17.6,-130.9
17.7,-131.4
17.7,-131.9
17.8,-132.3
17.9,-132.7
17.9,-133.2
17.9,-133.7
17.9,-134.1
17.9,-134.5
18.0,-134.9
18.0,-135.3
18.1,-135.6
18.1,-135.9
18.2,-136.3
18.3,-136.7
18.4,-137.1
18.5,-137.5
18.5,-138.0
18.5,-138.5
18.5,-139.0
18.4,-139.5
18.4,-140.1
18.4,-140.8
18.4,-141.5
18.4,-142.1
18.4,-142.7
18.4,-143.3
18.4,-143.9
18.5,-144.5
18.6,-145.1
18.7,-145.7
18.9,-146.4
19.0,-147.0
19.1,-147.6
19.2,-148.2
19.3,-148.8
19.5,-149.5
19.8,-150.1
20.0,-150.6
20.1,-151.1
23.9,126.4
24.0,126.2
24.1,126.1
24.2,126.0
24.3,126.0
24.5,126.0
24.7,126.0
24.9,126.1
25.2,126.1
25.7,126.0
26.3,126.0
26.9,125.9
27.7,125.8
28.4,125.6
29.3,125.6
30.2,125.6
31.1,125.6
31.9,125.5
32.7,125.4
33.4,125.6
34.2,125.7
35.1,125.6
36.2,125.5
37.1,125.6
37.7,126.0
38.3,126.9
39.0,127.9
39.5,129.1
40.2,130.3
41.4,131.3
42.3,132.1
42.2,132.9
42.1,133.7
42.8,134.8
43.6,136.0
44.2,137.2
44.7,138.3
12.4,-130.6
12.5,-130.7
12.7,-130.8
12.9,-130.9
13.1,-131.1
13.3,-131.2
13.4,-131.3
13.6,-131.5
13.7,-131.7
13.8,-131.8
13.9,-132.0
14.1,-132.2
14.4,-132.5
14.6,-132.7
14.7,-133.0
14.9,-133.4
15.1,-133.8
15.3,-134.2
15.4,-134.7
15.5,-135.3
15.5,-136.0
15.5,-136.8
15.5,-137.5
15.4,-138.2
15.4,-138.8
15.4,-139.6
15.4,-140.3
15.5,-140.9
15.7,-141.5
15.7,-142.2
15.7,-142.8
15.8,-143.5
15.9,-144.1
16.0,-144.8
16.2,-145.5
16.4,-146.2
16.6,-147.0
16.7,-147.8
16.8,-148.6
17.0,-149.3
17.2,-149.9
17.3,-150.6
17.3,-151.2
17.5,-151.9
17.6,-152.6
17.8,-153.2
17.9,-153.8
18.0,-154.3
18.1,-154.8
18.1,-155.2
18.1,-155.7
18.3,-156.2
18.6,-156.8
18.8,-157.3
18.9,-157.9
19.0,-158.5
19.1,-159.1
19.2,-159.7
19.2,-160.3
19.1,-160.7
19.1,-161.1
19.2,-161.7
19.4,-162.3
19.6,-162.9
19.7,-163.6
19.8,-164.2
19.8,-164.8
19.9,-165.3
20.0,-165.7
20.1,-166.1
20.2,-166.5
20.3,-166.9
20.3,-167.3
20.4,-167.7
20.4,-168.2
20.5,-168.5
20.6,-168.8
20.6,-169.2
20.7,-169.7
20.7,-170.2
20.7,-170.7
20.8,-171.2
20.9,-171.6
21.1,-171.8
21.3,-172.1
21.4,-172.5
21.4,-173.0
21.4,-173.4
21.5,-173.7
21.6,-174.0
21.7,-174.4
21.8,-174.9
21.8,-175.3
21.8,-175.7
21.9,-175.9
22.0,-175.8
22.2,-175.7
22.3,-175.7
22.3,-175.8
22.3,-176.0
22.4,-176.2
22.9,-176.4
23.4,-176.5
23.6,-176.5
23.9,-176.5
24.2,-176.4
24.7,-176.5
25.4,-177.7
26.1,-179.8
14.8,147.7
15.0,147.0
15.2,146.3
15.4,145.7
15.6,145.1
15.8,144.5
16.0,144.0
16.2,143.7
16.5,143.4
16.6,143.1
16.7,142.8
16.9,142.5
17.0,142.2
17.1,141.9
17.1,141.6
17.0,141.4
16.9,141.3
16.8,141.2
16.8,141.2
16.9,141.1
17.2,141.1
17.4,141.1
17.6,141.2
17.7,141.2
17.8,141.3
18.0,141.3
18.2,141.3
18.5,141.3
18.9,141.3
19.4,141.3
20.0,141.3
20.6,141.2
21.3,141.1
21.8,140.9
22.4,140.7
23.1,140.3
23.8,139.8
24.3,139.4
24.8,139.0
25.3,138.4
25.8,137.8
26.2,137.2
26.5,136.5
26.7,135.7
26.9,135.0
27.0,134.4
27.2,133.9
27.4,133.3
27.6,132.8
27.7,132.3
27.8,131.9
27.9,131.5
28.0,131.2
28.1,131.0
28.2,130.8
28.3,130.6
28.5,130.4
28.6,130.3
28.6,130.3
28.8,130.2
29.0,130.1
29.1,130.1
29.3,130.1
29.6,130.0
30.0,130.0
30.3,130.1
30.6,130.1
30.9,130.1
31.3,130.1
31.6,130.1
31.9,130.2
32.0,130.2
32.5,130.2
32.8,130.4
33.0,130.6
33.1,130.9
33.3,130.9
33.4,131.0
33.5,131.2
33.7,131.5
33.8,131.8
33.8,132.3
33.9,132.8
34.0,133.2
33.9,133.7
33.7,134.1
33.6,134.7
33.5,135.3
33.4,136.0
33.4,136.5
33.2,136.8
33.1,137.0
33.0,137.1
33.1,137.1
33.1,137.0
33.2,137.0
33.5,136.9
33.9,136.8
34.3,136.7
34.8,136.5
35.1,136.5
35.6,136.5
14.0,-111.9
13.9,-112.1
13.9,-112.3
13.9,-112.5
13.9,-112.8
14.0,-113.1
14.1,-113.5
14.3,-113.9
14.5,-114.2
14.7,-114.5
15.0,-114.8
15.3,-115.1
15.5,-115.4
15.7,-115.8
15.8,-116.3
15.9,-116.8
16.0,-117.4
16.1,-118.0
16.1,-118.6
16.1,-119.3
16.1,-119.9
16.1,-120.5
16.0,-121.0
15.9,-121.5
15.9,-121.9
15.9,-122.3
15.9,-122.7
15.9,-123.1
16.0,-123.6
16.1,-124.1
16.2,-124.5
16.3,-125.0
16.5,-125.4
16.7,-125.8
16.9,-126.2
17.1,-126.7
17.2,-127.2
17.3,-127.7
17.4,-128.2
17.5,-128.8
17.5,-129.3
17.6,-129.8
17.6,-130.3
17.6,-130.8
17.6,-131.2
17.6,-131.6
17.6,-132.1
17.6,-132.6
17.5,-133.0
17.4,-133.4
17.2,-133.8
23.4,68.3
23.3,68.0
23.4,67.6
23.7,67.2
23.9,66.8
23.7,66.6
23.4,66.4
23.5,66.1
23.6,65.7
23.5,65.3
23.3,64.9
23.3,64.5
23.3,64.1
23.3,63.6
23.3,63.2
23.1,62.9
22.9,62.6
22.8,62.2
22.6,61.9
22.4,61.8
22.1,61.8
21.8,61.7
21.5,61.6
21.2,61.5
21.0,61.4
12.1,128.9
12.1,128.2
12.1,127.6
12.0,127.0
12.1,126.4
12.5,125.7
13.1,125.2
13.5,124.8
13.9,124.5
14.2,123.8
14.5,123.2
14.9,122.9
15.2,122.7
15.8,122.5
16.3,122.3
16.8,122.1
17.3,121.9
17.7,121.4
18.0,120.9
18.2,120.2
18.3,119.6
18.4,119.2
18.5,119.1
18.7,119.0
18.8,118.8
18.8,118.6
18.8,118.3
18.9,118.0
19.1,117.7
19.1,117.5
19.2,117.4
19.2,117.2
19.2,116.9
19.2,116.6
19.2,116.3
19.1,116.0
19.1,115.8
19.1,115.5
19.3,115.1
19.3,114.7
19.3,114.2
19.3,113.5
19.2,113.0
19.2,112.6
19.2,112.2
19.5,111.8
19.7,111.3
19.9,110.8
20.0,110.2
20.2,109.6
20.3,109.0
20.3,108.6
20.4,108.2
20.7,107.6
21.0,107.0
21.0,106.4
21.0,106.0
21.0,105.7
21.0,105.5
20.9,105.2
21.0,105.0
21.1,104.8
21.3,104.6
21.5,104.4
21.6,104.1
21.8,103.8
22.1,103.5
22.3,103.3
22.4,103.0
22.2,102.2
22.0,101.4
21.8,100.9
21.7,100.7
22.2,147.1
22.4,146.9
22.6,146.8
22.7,146.7
22.9,146.6
23.2,146.5
23.6,146.5
23.8,146.6
24.0,146.8
24.3,147.1
24.6,147.3
24.7,147.4
24.8,147.2
24.9,147.1
25.0,147.1
25.3,147.2
25.7,147.4
26.2,147.3
26.8,147.1
27.3,147.0
27.8,147.0
28.3,147.0
28.8,146.9
29.3,146.9
29.9,146.8
30.5,146.6
31.2,146.3
31.8,146.1
32.3,146.0
32.7,145.8
33.1,145.8
33.5,145.8
33.9,146.0
34.4,146.3
35.0,146.9
35.4,147.5
35.8,148.3
36.3,148.9
36.9,149.6
37.4,150.3
37.9,151.1
38.5,152.1
39.1,153.2
39.8,154.3
40.5,155.3
41.2,156.2
42.0,157.3
42.9,158.6
44.0,160.4
45.2,162.5
46.4,164.8
47.5,167.0
48.6,169.2
49.8,171.4
51.0,173.9
52.1,176.5
53.0,179.5
53.8,183.0
54.2,186.6
54.4,189.3
54.5,191.7
21.4,-94.5
21.7,-94.7
22.0,-94.8
22.4,-94.9
22.7,-95.1
23.0,-95.3
23.2,-95.5
23.5,-95.7
23.7,-95.9
23.8,-96.0
23.9,-96.1
24.0,-96.2
24.1,-96.2
24.3,-96.0
24.5,-95.8
24.9,-95.6
25.3,-95.3
25.7,-95.0
26.0,-94.7
26.3,-94.4
26.6,-94.1
27.0,-93.7
27.5,-93.2
28.0,-92.7
28.6,-92.1
29.1,-91.5
29.3,-91.3
29.6,-90.9
30.0,-90.5
30.5,-90.3
31.1,-90.2
31.8,-90.1
32.6,-89.8
33.4,-89.7
34.1,-90.0
34.7,-90.5
35.1,-90.7
35.4,-90.9
35.7,-91.2
35.9,-91.5
35.9,-91.8
35.7,-92.0
35.3,-91.9
34.9,-91.7
10.1,147.6
10.3,147.4
10.4,147.3
10.7,147.0
11.0,146.7
11.3,146.3
11.7,145.9
12.2,145.7
12.6,145.4
12.9,144.9
13.3,144.3
13.6,143.8
13.9,143.2
14.2,142.7
14.5,142.1
14.7,141.5
15.0,141.1
15.4,140.7
16.1,140.5
16.7,140.2
17.5,140.0
18.4,139.9
19.3,139.7
20.1,139.3
20.8,138.8
21.0,138.2
21.1,137.6
21.5,137.2
22.1,136.9
22.7,136.4
23.3,135.7
24.0,134.8
24.7,133.9
25.0,133.2
25.3,132.7
25.7,132.1
26.3,131.5
26.9,130.8
27.4,130.3
27.8,129.7
28.2,129.2
28.5,128.7
28.9,128.1
29.3,127.6
29.7,127.1
30.0,126.6
30.2,126.1
30.3,125.4
30.4,124.7
30.4,124.0
30.5,123.3
30.7,122.5
30.9,121.8
31.2,121.1
31.5,120.5
31.6,119.9
31.8,119.4
31.8,118.7
32.1,118.1
32.3,117.5
32.5,117.1
32.7,116.7
33.0,116.4
33.1,116.2
33.1,116.0
33.2,115.8
33.4,115.5
33.4,115.3
33.5,115.1
33.5,115.0
33.4,114.9
33.1,114.7
32.8,114.8
15.7,-27.9
15.8,-28.8
16.0,-29.6
16.2,-30.3
16.4,-31.0
16.6,-31.6
16.9,-32.3
17.2,-33.1
17.5,-33.9
17.8,-34.7
18.1,-35.4
18.3,-36.0
18.5,-36.5
18.8,-37.1
19.0,-37.6
19.2,-38.0
19.3,-38.3
19.5,-38.7
19.7,-39.1
19.8,-39.5
19.9,-39.8
20.0,-40.1
20.0,-40.5
20.0,-40.9
20.1,-41.3
20.2,-41.8
20.3,-42.4
20.1,-43.0
19.8,-43.6
19.6,-44.0
19.5,-44.4
19.4,-44.8
19.3,-45.1
19.2,-45.4
19.2,-45.8
19.1,-46.2
19.1,-46.5
19.1,-46.9
19.1,-47.2
19.1,-47.5
19.1,-47.8
19.1,-48.1
19.0,-48.3
18.9,-48.6
18.9,-48.8
18.9,-48.9
18.9,-49.0
17.8,-106.2
17.8,-106.3
17.8,-106.4
17.9,-106.5
18.0,-106.7
18.2,-106.9
18.5,-107.1
19.0,-107.4
19.5,-107.7
20.0,-108.0
20.5,-108.3
20.9,-108.5
21.2,-108.7
21.5,-108.9
21.7,-109.0
22.0,-109.1
22.3,-109.2
22.7,-109.3
23.1,-109.3
23.5,-109.3
23.9,-109.2
24.3,-109.1
24.7,-109.0
25.0,-108.9
25.2,-108.9
25.3,-108.9
25.4,-109.0
25.4,-109.1
25.4,-109.3
25.4,-109.4
25.5,-109.6
25.5,-109.7
25.6,-109.9
25.7,-110.1
25.8,-110.3
26.0,-110.5
26.3,-110.7
26.7,-110.9
27.1,-111.1
27.5,-111.3
27.9,-111.5
28.3,-111.6
28.8,-111.7
